Words,Freq,dominant.pos,POS
de,3.9069,LID,DET
een,3.9069,LID,DET
is,3.9068,WW,VER
het,3.9067,VNW,PRO
in,3.9067,VZ,PRP
niet,3.9067,BW,ADV
dat,3.9066,VNW,PRO
en,3.9066,VG,CON
van,3.9065,VZ,PRP
voor,3.9065,VZ,PRP
zijn,3.9065,WW,VER
er,3.9064,VNW,PRO
je,3.9064,VNW,PRO
maar,3.9064,VG,CON
met,3.9064,VZ,PRP
op,3.9064,VZ,PRP
te,3.9064,VZ,PRP
wat,3.9064,VNW,PRO
we,3.9063,VNW,PRO
als,3.9062,VG,CON
die,3.9061,VNW,PRO
ik,3.9061,VNW,PRO
naar,3.9061,VZ,PRP
dit,3.906,VNW,PRO
was,3.906,WW,VER
ze,3.906,VNW,PRO
kan,3.9059,WW,VER
aan,3.9058,VZ,PRP
om,3.9058,VZ,PRP
zo,3.9058,BW,ADV
geen,3.9057,VNW,PRO
hier,3.9057,VNW,PRO
hij,3.9057,VNW,PRO
dan,3.9056,BW,ADV
nog,3.9056,BW,ADV
waar,3.9056,VNW,PRO
wel,3.9056,BW,ADV
moet,3.9055,WW,VER
hebben,3.9054,WW,VER
nu,3.9054,BW,ADV
ben,3.9053,WW,VER
uit,3.9053,VZ,PRP
heb,3.9051,WW,VER
goed,3.905,ADJ,ADJ
hoe,3.905,BW,ADV
heeft,3.9049,WW,VER
gaan,3.9048,WW,VER
ook,3.9048,BW,ADV
me,3.9047,VNW,PRO
daar,3.9046,VNW,PRO
doen,3.9046,WW,VER
weet,3.9044,WW,VER
wil,3.9044,WW,VER
meer,3.9041,VNW,PRO
over,3.9041,VZ,PRP
bij,3.9038,VZ,PRP
of,3.9037,VG,CON
jij,3.9034,VNW,PRO
ga,3.9033,WW,VER
mij,3.9031,VNW,PRO
bent,3.9029,WW,VER
hem,3.9025,VNW,PRO
iets,3.9025,VNW,PRO
zou,3.9025,WW,VER
gaat,3.9024,WW,VER
laat,3.9023,WW,VER
hebt,3.9022,WW,VER
waarom,3.9021,BW,ADV
nee,3.9016,BW,ADV
moeten,3.9015,WW,VER
ons,3.9015,VNW,PRO
had,3.9012,WW,VER
ja,3.9009,BW,ADV
kom,3.9009,WW,VER
kunnen,3.9006,WW,VER
zien,3.9006,WW,VER
zal,3.9003,WW,VER
alles,3.9,VNW,PRO
wie,3.8996,VNW,PRO
mijn,3.8989,VNW,PRO
doe,3.8988,WW,VER
door,3.8988,VZ,PRP
komt,3.8981,WW,VER
nooit,3.8979,BW,ADV
mee,3.8978,VZ,PRP
deze,3.8976,VNW,PRO
alleen,3.8975,BW,ADV
terug,3.8975,BW,ADV
weg,3.8974,BW,ADV
toch,3.896,BW,ADV
komen,3.8955,WW,VER
laten,3.8955,WW,VER
misschien,3.8941,BW,ADV
haar,3.894,VNW,PRO
veel,3.8934,VNW,PRO
denk,3.8931,WW,VER
jou,3.8931,VNW,PRO
echt,3.8926,ADJ,ADJ
iemand,3.8925,VNW,PRO
jullie,3.8922,VNW,PRO
tot,3.8915,VZ,PRP
dus,3.8905,BW,ADV
zei,3.8894,WW,VER
nodig,3.8882,ADJ,ADJ
zeg,3.8877,WW,VER
worden,3.8876,WW,VER
maken,3.8875,WW,VER
wordt,3.8869,WW,VER
weer,3.8867,BW,ADV
net,3.8856,BW,ADV
zeggen,3.8853,WW,VER
tegen,3.8852,VZ,PRP
weten,3.885,WW,VER
zit,3.8846,WW,VER
even,3.8843,BW,ADV
af,3.8833,VZ,PRP
kijk,3.8826,WW,VER
altijd,3.8822,BW,ADV
tijd,3.882,N,NOU
mag,3.8813,WW,VER
doet,3.8812,WW,VER
gedaan,3.8808,WW,VER
anders,3.8798,BW,ADV
zie,3.8798,WW,VER
toen,3.8787,VG,CON
eens,3.8784,BW,ADV
mensen,3.8781,N,NOU
leven,3.8778,N,NOU
zeker,3.8775,ADJ,ADJ
man,3.877,N,NOU
twee,3.8767,ADJ,ADJ
onze,3.8758,VNW,PRO
heel,3.8725,ADJ,ADJ
geef,3.8716,WW,VER
wacht,3.8712,WW,VER
dacht,3.8706,WW,VER
u,3.8703,VNW,PRO
hou,3.8699,WW,VER
willen,3.8699,WW,VER
allemaal,3.8694,BW,ADV
niemand,3.8685,VNW,PRO
wij,3.8679,VNW,PRO
gezien,3.8673,WW,VER
keer,3.8673,N,NOU
omdat,3.8673,VG,CON
beter,3.8668,ADJ,ADJ
dag,3.8655,N,NOU
andere,3.8647,ADJ,ADJ
zitten,3.8626,WW,VER
zich,3.8602,VNW,PRO
gewoon,3.86,ADJ,ADJ
zoals,3.8591,VG,CON
binnen,3.8588,VZ,PRP
lang,3.8581,ADJ,ADJ
neem,3.858,WW,VER
staat,3.8571,WW,VER
genoeg,3.857,BW,ADV
niets,3.8564,VNW,PRO
maak,3.8552,WW,VER
dood,3.8546,ADJ,ADJ
iedereen,3.8527,VNW,PRO
kon,3.8527,WW,VER
na,3.8525,VZ,PRP
vinden,3.8525,WW,VER
waren,3.8509,WW,VER
wilt,3.8506,WW,VER
hun,3.8502,VNW,PRO
vind,3.8501,WW,VER
toe,3.8492,VZ,PRP
erg,3.849,ADJ,ADJ
hele,3.8489,ADJ,ADJ
wist,3.8484,WW,VER
ziet,3.8481,WW,VER
jaar,3.8476,N,NOU
zij,3.8473,VNW,PRO
helpen,3.847,WW,VER
maakt,3.8442,WW,VER
zullen,3.8426,WW,VER
zegt,3.8425,WW,VER
kunt,3.8424,WW,VER
blijven,3.842,WW,VER
jouw,3.8417,VNW,PRO
huis,3.8414,N,NOU
zonder,3.8412,VZ,PRP
nou,3.8405,BW,ADV
houden,3.8401,WW,VER
werk,3.8392,N,NOU
blijf,3.8387,WW,VER
graag,3.8387,BW,ADV
praten,3.8387,WW,VER
vast,3.8368,ADJ,ADJ
klaar,3.8366,ADJ,ADJ
geweest,3.8363,WW,VER
spijt,3.836,WW,VER
elkaar,3.8357,VNW,PRO
alle,3.8338,VNW,PRO
krijgen,3.8304,WW,VER
helemaal,3.8296,BW,ADV
kijken,3.8287,WW,VER
mooi,3.8243,ADJ,ADJ
onder,3.8241,VZ,PRP
achter,3.8232,VZ,PRP
geven,3.8227,WW,VER
natuurlijk,3.8218,ADJ,ADJ
vrouw,3.8213,N,NOU
moest,3.8211,WW,VER
idee,3.8209,N,NOU
steeds,3.8208,BW,ADV
bedankt,3.8206,WW,VER
ging,3.8202,WW,VER
zelf,3.8193,BW,ADV
dank,3.8191,WW,VER
kwam,3.8191,WW,VER
wilde,3.819,WW,VER
luister,3.816,WW,VER
dingen,3.8156,N,NOU
bedoel,3.8146,WW,VER
werd,3.8139,WW,VER
snel,3.8136,ADJ,ADJ
gek,3.8133,ADJ,ADJ
lijkt,3.8127,WW,VER
eerste,3.8125,ADJ,ADJ
grote,3.8113,ADJ,ADJ
vragen,3.8104,WW,VER
vraag,3.8099,WW,VER
ooit,3.8095,BW,ADV
drie,3.8092,ADJ,ADJ
staan,3.8085,WW,VER
bang,3.8071,ADJ,ADJ
wanneer,3.8071,BW,ADV
vertellen,3.8059,WW,VER
hoor,3.8055,WW,VER
gebeurd,3.8042,WW,VER
nemen,3.8039,WW,VER
sorry,3.803,INT,INT
zorgen,3.8027,N,NOU
ken,3.8022,WW,VER
laatste,3.8015,ADJ,ADJ
zag,3.8013,WW,VER
paar,3.7998,N,NOU
denken,3.7984,WW,VER
eerst,3.797,BW,ADV
enige,3.7969,VNW,PRO
goede,3.7966,ADJ,ADJ
hadden,3.7966,WW,VER
uw,3.7947,VNW,PRO
zelfs,3.7937,BW,ADV
denkt,3.7932,WW,VER
leuk,3.7931,ADJ,ADJ
beetje,3.791,N,NOU
deed,3.7903,WW,VER
halen,3.7901,WW,VER
horen,3.7892,WW,VER
naam,3.7888,N,NOU
vriend,3.7883,N,NOU
geloof,3.786,WW,VER
bijna,3.7852,BW,ADV
hoop,3.7846,WW,VER
nieuwe,3.7846,ADJ,ADJ
gezegd,3.7838,WW,VER
samen,3.7838,BW,ADV
heen,3.7832,VZ,PRP
eigen,3.7823,ADJ,ADJ
vertel,3.7791,WW,VER
krijg,3.7787,WW,VER
buiten,3.7786,VZ,PRP
vader,3.7752,N,NOU
wachten,3.7751,WW,VER
thuis,3.775,BW,ADV
houdt,3.773,WW,VER
geeft,3.7725,WW,VER
morgen,3.7722,BW,ADV
gelijk,3.7711,ADJ,ADJ
moeder,3.7707,N,NOU
alsjeblieft,3.77,WW,VER
eten,3.77,WW,VER
geleden,3.7676,BW,ADV
want,3.7671,VG,CON
verder,3.7666,ADJ,ADJ
vandaag,3.7663,BW,ADV
soms,3.7635,BW,ADV
gehad,3.7633,WW,VER
zat,3.7631,WW,VER
geld,3.763,N,NOU
hallo,3.7628,N,NOU
pas,3.7628,BW,ADV
gebeurt,3.7609,WW,VER
krijgt,3.7609,WW,VER
daarom,3.7608,BW,ADV
zouden,3.7572,WW,VER
begrijp,3.7515,WW,VER
open,3.7503,ADJ,ADJ
precies,3.7497,ADJ,ADJ
gevonden,3.7493,WW,VER
probeer,3.7488,WW,VER
probleem,3.7487,N,NOU
gehoord,3.7477,WW,VER
vroeg,3.7463,WW,VER
zet,3.7437,WW,VER
blijft,3.7434,WW,VER
kant,3.7423,N,NOU
gemaakt,3.7419,WW,VER
elke,3.7415,VNW,PRO
heet,3.7413,WW,VER
rustig,3.7409,ADJ,ADJ
uur,3.7404,N,NOU
voel,3.7403,WW,VER
vindt,3.7401,WW,VER
ergens,3.7386,VNW,PRO
wereld,3.7377,N,NOU
haal,3.7373,WW,VER
volgende,3.7373,WW,VER
zoeken,3.736,WW,VER
alsof,3.7351,VG,CON
niks,3.7345,VNW,PRO
god,3.7327,N,NOU
ligt,3.7326,WW,VER
vrienden,3.7306,N,NOU
werken,3.7302,WW,VER
oké,3.7301,N,NOU
volgens,3.7295,VZ,PRP
best,3.7284,ADJ,ADJ
welke,3.7282,VNW,PRO
eigenlijk,3.7279,ADJ,ADJ
word,3.7273,WW,VER
beste,3.7268,ADJ,ADJ
dagen,3.7244,N,NOU
één,3.7241,ADJ,ADJ
ding,3.7239,N,NOU
werkt,3.7237,WW,VER
blij,3.7223,ADJ,ADJ
slecht,3.7222,ADJ,ADJ
brengen,3.7212,WW,VER
hoofd,3.7211,N,NOU
eruit,3.7207,BW,ADV
pak,3.7195,WW,VER
hé,3.7192,BW,ADV
jongen,3.7186,N,NOU
geloven,3.7184,WW,VER
tussen,3.7174,VZ,PRP
hoeveel,3.7173,BW,ADV
kun,3.7153,WW,VER
jezelf,3.7149,VNW,PRO
kans,3.7143,N,NOU
vond,3.711,WW,VER
spreken,3.7089,WW,VER
kinderen,3.707,N,NOU
kent,3.7051,WW,VER
groot,3.7006,ADJ,ADJ
meisje,3.6997,N,NOU
moment,3.6995,N,NOU
breng,3.6994,WW,VER
hoeft,3.6989,WW,VER
ogen,3.6964,N,NOU
hulp,3.6955,N,NOU
manier,3.6954,N,NOU
geweldig,3.6952,ADJ,ADJ
vanavond,3.6951,BW,ADV
stop,3.6941,WW,VER
mooie,3.6936,ADJ,ADJ
sta,3.6933,WW,VER
zoveel,3.6933,BW,ADV
vergeten,3.6926,WW,VER
later,3.6922,ADJ,ADJ
wees,3.6922,WW,VER
mannen,3.6917,N,NOU
proberen,3.6916,WW,VER
vijf,3.6907,ADJ,ADJ
praat,3.6901,WW,VER
oude,3.6898,ADJ,ADJ
boven,3.6882,VZ,PRP
verteld,3.687,WW,VER
gebruiken,3.685,WW,VER
help,3.6846,WW,VER
ervan,3.6844,BW,ADV
beginnen,3.6821,WW,VER
klopt,3.6817,WW,VER
bel,3.6804,WW,VER
jongens,3.6798,N,NOU
hen,3.6778,VNW,PRO
vrij,3.6761,ADJ,ADJ
problemen,3.6756,N,NOU
auto,3.6751,N,NOU
stel,3.675,WW,VER
soort,3.6745,N,NOU
pijn,3.6743,N,NOU
moeilijk,3.6741,ADJ,ADJ
vol,3.6739,ADJ,ADJ
zorg,3.6729,WW,VER
lopen,3.6723,WW,VER
mis,3.672,ADJ,ADJ
zoiets,3.6718,VNW,PRO
familie,3.6713,N,NOU
hoort,3.6695,WW,VER
hetzelfde,3.6691,ADJ,ADJ
kleine,3.669,ADJ,ADJ
lekker,3.6689,ADJ,ADJ
gekomen,3.6666,WW,VER
echte,3.6663,ADJ,ADJ
kind,3.6663,N,NOU
vier,3.6661,ADJ,ADJ
sinds,3.666,VZ,PRP
gebeuren,3.6658,WW,VER
betekent,3.6652,WW,VER
vergeet,3.6649,WW,VER
deur,3.6645,N,NOU
mogen,3.6641,WW,VER
begin,3.664,N,NOU
eerder,3.6625,ADJ,ADJ
wou,3.6624,WW,VER
zoek,3.6598,WW,VER
week,3.6583,N,NOU
juist,3.6579,BW,ADV
voorbij,3.6579,ADJ,ADJ
zodat,3.657,VG,CON
schiet,3.6567,WW,VER
prima,3.6553,ADJ,ADJ
ander,3.6542,ADJ,ADJ
druk,3.6536,ADJ,ADJ
meteen,3.6536,BW,ADV
kamer,3.6523,N,NOU
bezig,3.6511,ADJ,ADJ
snap,3.6502,WW,VER
handen,3.6494,N,NOU
minuten,3.6488,N,NOU
liggen,3.6471,WW,VER
plaats,3.6421,N,NOU
leren,3.6414,WW,VER
vermoord,3.6414,WW,VER
gaf,3.6383,WW,VER
stad,3.6368,N,NOU
zult,3.6368,WW,VER
klein,3.6354,ADJ,ADJ
overal,3.6353,VNW,PRO
rond,3.6352,VZ,PRP
rest,3.6351,N,NOU
bed,3.6345,N,NOU
verdomme,3.6331,N,NOU
kennen,3.6328,WW,VER
hand,3.6317,N,NOU
hoorde,3.6312,WW,VER
stoppen,3.6305,WW,VER
spelen,3.6304,WW,VER
wakker,3.6261,ADJ,ADJ
vallen,3.625,WW,VER
bellen,3.6242,WW,VER
vaak,3.6219,ADJ,ADJ
slapen,3.6218,WW,VER
langs,3.6217,VZ,PRP
liever,3.6217,BW,ADV
gelukkig,3.6215,ADJ,ADJ
nacht,3.6208,N,NOU
kop,3.6202,N,NOU
duidelijk,3.6194,ADJ,ADJ
zes,3.6194,ADJ,ADJ
tien,3.6173,ADJ,ADJ
neemt,3.6151,WW,VER
al,3.6145,BW,ADV
mogelijk,3.6141,ADJ,ADJ
los,3.6138,ADJ,ADJ
terwijl,3.6131,VG,CON
zin,3.6126,N,NOU
kreeg,3.6123,WW,VER
meneer,3.6121,N,NOU
oud,3.612,ADJ,ADJ
erop,3.6114,BW,ADV
voelt,3.6109,WW,VER
politie,3.6096,N,NOU
belangrijk,3.6086,ADJ,ADJ
ermee,3.6083,BW,ADV
liet,3.6082,WW,VER
buurt,3.6081,N,NOU
water,3.607,N,NOU
vandaan,3.6064,VZ,PRP
stond,3.6063,WW,VER
fijn,3.6057,ADJ,ADJ
neer,3.6053,BW,ADV
drinken,3.6042,WW,VER
reden,3.6036,N,NOU
zetten,3.6033,WW,VER
nieuws,3.6028,N,NOU
valt,3.6028,WW,VER
klinkt,3.6026,WW,VER
gezicht,3.6005,N,NOU
vrouwen,3.6005,N,NOU
anderen,3.5996,ADJ,ADJ
mezelf,3.5993,VNW,PRO
schuld,3.5987,N,NOU
nergens,3.5975,VNW,PRO
zoon,3.5967,N,NOU
stuk,3.5966,N,NOU
eerlijk,3.596,ADJ,ADJ
plek,3.596,N,NOU
aardig,3.5958,ADJ,ADJ
straks,3.5957,BW,ADV
hard,3.5955,ADJ,ADJ
jaren,3.5947,N,NOU
gegeven,3.5943,WW,VER
dicht,3.5923,ADJ,ADJ
voordat,3.591,VG,CON
maanden,3.5864,N,NOU
geworden,3.5858,WW,VER
eraan,3.5855,BW,ADV
fout,3.5835,ADJ,ADJ
schat,3.5835,N,NOU
veilig,3.5826,ADJ,ADJ
beneden,3.5822,VZ,PRP
zaak,3.5805,N,NOU
begrepen,3.5802,WW,VER
verhaal,3.5794,N,NOU
dezelfde,3.5793,ADJ,ADJ
stil,3.5788,ADJ,ADJ
kwijt,3.5776,ADJ,ADJ
zaken,3.5767,N,NOU
recht,3.5762,N,NOU
daarna,3.5759,BW,ADV
per,3.5758,VZ,PRP
voorzichtig,3.5758,ADJ,ADJ
geluk,3.5751,N,NOU
waarschijnlijk,3.5737,ADJ,ADJ
inderdaad,3.5731,BW,ADV
vanaf,3.573,VZ,PRP
welkom,3.5728,ADJ,ADJ
redden,3.5725,WW,VER
hart,3.5723,N,NOU
mond,3.5716,N,NOU
waarheid,3.5675,N,NOU
vermoorden,3.5649,WW,VER
loopt,3.5644,WW,VER
doden,3.5635,WW,VER
elk,3.5632,VNW,PRO
geval,3.5628,N,NOU
avond,3.5625,N,NOU
erin,3.5615,BW,ADV
land,3.5599,N,NOU
noemen,3.5594,WW,VER
kwaad,3.5588,ADJ,ADJ
erbij,3.5533,BW,ADV
hield,3.5519,WW,VER
daarmee,3.5513,BW,ADV
ver,3.5507,ADJ,ADJ
allebei,3.5499,VNW,PRO
betalen,3.5469,WW,VER
vooruit,3.5462,BW,ADV
zomaar,3.5452,BW,ADV
verwacht,3.5442,WW,VER
pakken,3.5439,WW,VER
nummer,3.5425,N,NOU
weken,3.542,N,NOU
begint,3.5406,WW,VER
school,3.5406,N,NOU
maakte,3.5388,WW,VER
gisteren,3.5361,BW,ADV
deel,3.5354,N,NOU
alstublieft,3.5349,WW,VER
vriendin,3.5348,N,NOU
gebruikt,3.5347,WW,VER
antwoord,3.5336,N,NOU
minder,3.5334,VNW,PRO
tijdens,3.5333,VZ,PRP
prachtig,3.5331,ADJ,ADJ
sterven,3.5331,WW,VER
ervoor,3.5328,BW,ADV
vertrouwen,3.5328,N,NOU
vent,3.5307,N,NOU
bloed,3.5301,N,NOU
hoezo,3.5292,BW,ADV
gegaan,3.5279,WW,VER
veranderen,3.5272,WW,VER
vroeger,3.5272,ADJ,ADJ
hè,3.5261,N,NOU
leg,3.5256,WW,VER
ie,3.5241,VNW,PRO
bedoelt,3.5237,WW,VER
ontmoet,3.523,WW,VER
nieuw,3.5211,ADJ,ADJ
haat,3.5202,WW,VER
nogal,3.5202,BW,ADV
trek,3.519,WW,VER
verloren,3.5176,WW,VER
dokter,3.5172,N,NOU
tweede,3.5157,ADJ,ADJ
eindelijk,3.5151,ADJ,ADJ
plezier,3.5145,N,NOU
zichzelf,3.5144,VNW,PRO
gevoel,3.5138,N,NOU
woord,3.5136,N,NOU
meen,3.5122,WW,VER
verkeerd,3.512,ADJ,ADJ
loop,3.5116,WW,VER
gevraagd,3.5096,WW,VER
eén,3.5073,ADJ,ADJ
rijden,3.5072,WW,VER
baas,3.5069,N,NOU
vreemd,3.5068,ADJ,ADJ
brengt,3.506,WW,VER
telefoon,3.5049,N,NOU
gekregen,3.5019,WW,VER
stap,3.5004,N,NOU
zeer,3.4993,BW,ADV
nam,3.4991,WW,VER
slechte,3.499,ADJ,ADJ
liefde,3.4987,N,NOU
mens,3.4986,N,NOU
gesproken,3.4982,WW,VER
waard,3.4982,ADJ,ADJ
normaal,3.4978,ADJ,ADJ
voelen,3.4968,WW,VER
dochter,3.4955,N,NOU
heren,3.4951,N,NOU
broer,3.4949,N,NOU
gang,3.4946,N,NOU
vraagt,3.4933,WW,VER
kopen,3.4923,WW,VER
ouders,3.4922,N,NOU
begrijpen,3.4897,WW,VER
hoef,3.4894,WW,VER
langer,3.4894,ADJ,ADJ
leeft,3.4883,WW,VER
tenminste,3.4883,BW,ADV
gebruik,3.4881,WW,VER
weinig,3.4873,VNW,PRO
gebeld,3.4867,WW,VER
lichaam,3.4867,N,NOU
stellen,3.4856,WW,VER
stuur,3.4837,WW,VER
behalve,3.483,VG,CON
ontmoeten,3.482,WW,VER
baan,3.4814,N,NOU
klootzak,3.4804,N,NOU
grappig,3.4802,ADJ,ADJ
mocht,3.4799,WW,VER
einde,3.4784,N,NOU
hierheen,3.478,BW,ADV
dollar,3.477,N,NOU
konden,3.4763,WW,VER
naartoe,3.4763,BW,ADV
makkelijk,3.4761,ADJ,ADJ
begrijpt,3.4751,WW,VER
let,3.4744,WW,VER
val,3.4741,N,NOU
noem,3.4733,WW,VER
plan,3.473,N,NOU
mevrouw,3.4729,N,NOU
vertelde,3.4722,WW,VER
veranderd,3.4706,WW,VER
slaap,3.4698,N,NOU
beloof,3.4697,WW,VER
slim,3.4679,ADJ,ADJ
luisteren,3.4673,WW,VER
ziek,3.4663,ADJ,ADJ
helpt,3.4651,WW,VER
trots,3.4622,ADJ,ADJ
woorden,3.4622,N,NOU
ene,3.4601,VNW,PRO
begon,3.4594,WW,VER
erover,3.4588,BW,ADV
eet,3.4577,WW,VER
lukt,3.4573,WW,VER
spullen,3.457,N,NOU
kwamen,3.4559,WW,VER
gingen,3.4558,WW,VER
jawel,3.4544,N,NOU
wilden,3.4542,WW,VER
genomen,3.4538,WW,VER
kijkt,3.4527,WW,VER
lief,3.4519,ADJ,ADJ
lijken,3.4519,WW,VER
eentje,3.4509,ADJ,ADJ
welk,3.4507,VNW,PRO
grond,3.4496,N,NOU
spreek,3.4484,WW,VER
dames,3.4482,N,NOU
idioot,3.4479,ADJ,ADJ
naast,3.4478,VZ,PRP
succes,3.4475,N,NOU
half,3.4472,ADJ,ADJ
volgen,3.4458,WW,VER
gedacht,3.4456,WW,VER
probeerde,3.4454,WW,VER
getrouwd,3.444,WW,VER
onzin,3.4434,N,NOU
stom,3.4429,ADJ,ADJ
enkele,3.4426,VNW,PRO
verlaten,3.4425,WW,VER
pardon,3.4423,N,NOU
woont,3.4419,WW,VER
vreselijk,3.4415,ADJ,ADJ
opnieuw,3.4414,BW,ADV
probeert,3.4409,WW,VER
begonnen,3.44,WW,VER
jammer,3.439,ADJ,ADJ
zolang,3.4384,VG,CON
koffie,3.4378,N,NOU
juiste,3.4374,ADJ,ADJ
leek,3.4373,WW,VER
acht,3.4371,ADJ,ADJ
erger,3.4371,ADJ,ADJ
afgelopen,3.437,WW,VER
wonen,3.4368,WW,VER
absoluut,3.4354,ADJ,ADJ
stomme,3.4339,ADJ,ADJ
sommige,3.4323,VNW,PRO
ziens,3.4322,BW,ADV
licht,3.4315,N,NOU
goeie,3.4301,ADJ,ADJ
herinner,3.4298,WW,VER
sturen,3.4296,WW,VER
trouwens,3.4293,BW,ADV
lange,3.4289,ADJ,ADJ
sterk,3.4286,ADJ,ADJ
schieten,3.428,WW,VER
verkeerde,3.428,ADJ,ADJ
vorige,3.4267,ADJ,ADJ
gebeurde,3.4265,WW,VER
gevaarlijk,3.4263,ADJ,ADJ
werden,3.426,WW,VER
verliezen,3.425,WW,VER
perfect,3.4247,ADJ,ADJ
kantoor,3.4246,N,NOU
kleren,3.4239,N,NOU
fantastisch,3.4236,ADJ,ADJ
moesten,3.4231,WW,VER
voorstellen,3.4218,WW,VER
omhoog,3.4208,BW,ADV
schelen,3.4208,WW,VER
lezen,3.4206,WW,VER
bestaat,3.4198,WW,VER
papa,3.4183,N,NOU
boos,3.4176,ADJ,ADJ
bekend,3.4175,ADJ,ADJ
meid,3.4168,N,NOU
hemel,3.4166,N,NOU
vertrekken,3.4146,WW,VER
maand,3.4145,N,NOU
viel,3.4136,WW,VER
degene,3.4135,VNW,PRO
ieder,3.4135,VNW,PRO
geleerd,3.4126,WW,VER
slaan,3.4118,WW,VER
duurt,3.4109,WW,VER
geprobeerd,3.4104,WW,VER
mama,3.4103,N,NOU
vooral,3.4098,BW,ADV
missen,3.4082,WW,VER
geheim,3.4081,N,NOU
koud,3.4077,ADJ,ADJ
kerel,3.4076,N,NOU
meisjes,3.4069,N,NOU
gered,3.406,WW,VER
zeven,3.406,ADJ,ADJ
grootste,3.405,ADJ,ADJ
raken,3.4048,WW,VER
persoon,3.4047,N,NOU
daarvoor,3.404,BW,ADV
raak,3.4035,WW,VER
beschermen,3.4031,WW,VER
lag,3.4014,WW,VER
leuke,3.4009,ADJ,ADJ
foto,3.4,N,NOU
zwaar,3.3995,ADJ,ADJ
vertrouw,3.3986,WW,VER
eind,3.3976,N,NOU
schatje,3.3974,N,NOU
betaald,3.3972,WW,VER
serieus,3.3965,ADJ,ADJ
gebracht,3.396,WW,VER
ongeveer,3.3955,BW,ADV
honger,3.3952,N,NOU
trekken,3.3946,WW,VER
via,3.3946,VZ,PRP
voelde,3.3943,WW,VER
jong,3.3936,ADJ,ADJ
vechten,3.3932,WW,VER
straat,3.3918,N,NOU
moe,3.3916,ADJ,ADJ
afspraak,3.3913,N,NOU
wapen,3.3913,N,NOU
zodra,3.3913,VG,CON
vanwege,3.3911,VZ,PRP
dienst,3.3909,N,NOU
zak,3.3904,N,NOU
agent,3.3902,N,NOU
dragen,3.3886,WW,VER
toekomst,3.3865,N,NOU
lachen,3.386,WW,VER
hoi,3.3854,N,NOU
houd,3.3854,WW,VER
lucht,3.3851,N,NOU
ongeluk,3.3845,N,NOU
gevaar,3.384,N,NOU
wegwezen,3.3822,WW,VER
kost,3.3818,WW,VER
gelooft,3.3815,WW,VER
zoekt,3.3813,WW,VER
mr,3.3809,N,NOU
onderzoek,3.3808,N,NOU
men,3.3802,VNW,PRO
lieverd,3.38,N,NOU
informatie,3.3789,N,NOU
tenzij,3.3782,VG,CON
kapot,3.3779,ADJ,ADJ
vertelt,3.3775,WW,VER
prijs,3.3768,N,NOU
bewijzen,3.3757,WW,VER
zover,3.3742,BW,ADV
droom,3.374,N,NOU
arme,3.3735,ADJ,ADJ
zul,3.3725,WW,VER
geraakt,3.3716,WW,VER
waarvoor,3.3714,BW,ADV
bewijs,3.3711,N,NOU
geboren,3.3692,ADJ,ADJ
gewerkt,3.3692,WW,VER
moord,3.3687,N,NOU
volg,3.3685,WW,VER
contact,3.3683,N,NOU
hond,3.3675,N,NOU
gemist,3.367,WW,VER
jezus,3.3657,N,NOU
speelt,3.3649,WW,VER
oorlog,3.364,N,NOU
werkte,3.3636,WW,VER
rug,3.3634,N,NOU
raar,3.3632,ADJ,ADJ
mijne,3.3625,VNW,PRO
winnen,3.3608,WW,VER
nadat,3.3606,VG,CON
rij,3.3589,N,NOU
leggen,3.3587,WW,VER
kende,3.3572,WW,VER
ziekenhuis,3.3572,N,NOU
reis,3.3568,N,NOU
ter,3.3568,VZ,PRP
gestuurd,3.3562,WW,VER
raad,3.3535,N,NOU
verkopen,3.351,WW,VER
lieve,3.3501,ADJ,ADJ
regelen,3.3501,WW,VER
hangt,3.3493,WW,VER
trouwen,3.3491,WW,VER
gestolen,3.3487,WW,VER
zus,3.3487,N,NOU
zeiden,3.3475,WW,VER
gedood,3.3471,WW,VER
rust,3.3471,N,NOU
boek,3.3465,N,NOU
hoeven,3.346,WW,VER
namen,3.3446,N,NOU
nietwaar,3.3442,N,NOU
deden,3.3438,WW,VER
verliefd,3.3436,ADJ,ADJ
vanuit,3.3416,VZ,PRP
onmogelijk,3.3414,ADJ,ADJ
zulke,3.3412,VNW,PRO
regel,3.3404,N,NOU
sla,3.3402,WW,VER
uitleggen,3.3402,WW,VER
grapje,3.3397,N,NOU
zweer,3.3395,WW,VER
moeite,3.3389,N,NOU
kracht,3.3385,N,NOU
jonge,3.3377,ADJ,ADJ
keek,3.3377,WW,VER
arm,3.3373,N,NOU
tafel,3.3371,N,NOU
baby,3.3355,N,NOU
gedachten,3.3353,N,NOU
liep,3.3349,WW,VER
lastig,3.3347,ADJ,ADJ
zwarte,3.3345,ADJ,ADJ
derde,3.333,ADJ,ADJ
onderweg,3.333,BW,ADV
dom,3.3326,ADJ,ADJ
schrijven,3.3324,WW,VER
delen,3.3322,WW,VER
miljoen,3.3322,N,NOU
vuur,3.3322,N,NOU
film,3.3312,N,NOU
gooi,3.3308,WW,VER
muziek,3.3308,N,NOU
schuldig,3.3308,ADJ,ADJ
herinneren,3.3306,WW,VER
rot,3.3306,WW,VER
gefeliciteerd,3.3304,WW,VER
haast,3.3302,BW,ADV
bleef,3.3298,WW,VER
weggaan,3.3284,WW,VER
situatie,3.3274,N,NOU
diep,3.3272,ADJ,ADJ
slechts,3.3269,BW,ADV
geweldige,3.3259,ADJ,ADJ
spreekt,3.3257,WW,VER
warm,3.3257,ADJ,ADJ
stierf,3.3255,WW,VER
beloofd,3.3249,WW,VER
teken,3.3247,N,NOU
regels,3.3245,N,NOU
gezet,3.3243,WW,VER
daarvan,3.3226,BW,ADV
enkel,3.3216,BW,ADV
goedemorgen,3.3201,N,NOU
tijdje,3.3201,N,NOU
stem,3.3197,N,NOU
totdat,3.3195,VG,CON
helaas,3.3176,BW,ADV
belde,3.3174,WW,VER
aarde,3.317,N,NOU
meeste,3.317,VNW,PRO
gisteravond,3.3156,BW,ADV
punt,3.3139,N,NOU
kwalijk,3.3132,ADJ,ADJ
gevallen,3.3128,WW,VER
sluit,3.3126,WW,VER
gevangenis,3.3118,N,NOU
ruimte,3.3109,N,NOU
heerlijk,3.3105,ADJ,ADJ
persoonlijk,3.3103,ADJ,ADJ
hel,3.3088,N,NOU
respect,3.3075,N,NOU
alweer,3.3062,BW,ADV
gebroken,3.3062,WW,VER
spel,3.3049,N,NOU
bereiken,3.3045,WW,VER
gelezen,3.3045,WW,VER
sneller,3.3034,ADJ,ADJ
mam,3.3028,N,NOU
ophouden,3.3025,WW,VER
dame,3.3023,N,NOU
pa,3.301,N,NOU
hopelijk,3.3008,ADJ,ADJ
meestal,3.3004,BW,ADV
slaat,3.3002,WW,VER
wapens,3.3002,N,NOU
controle,3.2984,N,NOU
leeg,3.2982,ADJ,ADJ
neus,3.2975,N,NOU
team,3.2975,N,NOU
doel,3.2971,N,NOU
feest,3.2962,N,NOU
interessant,3.2958,ADJ,ADJ
verdwenen,3.2953,WW,VER
verleden,3.2951,N,NOU
beide,3.294,VNW,PRO
laatst,3.294,BW,ADV
rijk,3.294,ADJ,ADJ
leiden,3.2938,WW,VER
vannacht,3.2934,BW,ADV
drink,3.2931,WW,VER
hoog,3.292,ADJ,ADJ
excuseer,3.2911,WW,VER
knap,3.2911,ADJ,ADJ
bekijken,3.2905,WW,VER
vliegen,3.2903,WW,VER
macht,3.2894,N,NOU
raakt,3.2894,WW,VER
benen,3.2885,N,NOU
bezoek,3.2885,N,NOU
vreemde,3.2878,ADJ,ADJ
dansen,3.2865,WW,VER
meenemen,3.286,WW,VER
red,3.286,WW,VER
gelukt,3.2858,WW,VER
draai,3.2856,WW,VER
bracht,3.2847,WW,VER
direct,3.2847,ADJ,ADJ
haalt,3.2844,WW,VER
geest,3.2838,N,NOU
plannen,3.2831,N,NOU
speel,3.2831,WW,VER
meegenomen,3.2826,WW,VER
gekocht,3.2819,WW,VER
zaten,3.2817,WW,VER
extra,3.2815,ADJ,ADJ
donker,3.2813,ADJ,ADJ
iedere,3.2806,VNW,PRO
keuze,3.2806,N,NOU
raam,3.2804,N,NOU
ach,3.279,INT,INT
dronken,3.2783,ADJ,ADJ
liefje,3.2769,N,NOU
tuurlijk,3.2765,BW,ADV
eer,3.2758,N,NOU
keus,3.2753,N,NOU
lijn,3.2742,N,NOU
ziel,3.2742,N,NOU
tv,3.2739,N,NOU
gehaald,3.2735,WW,VER
geregeld,3.2732,WW,VER
verdienen,3.2728,WW,VER
eraf,3.2725,BW,ADV
uiteindelijk,3.2721,ADJ,ADJ
kalm,3.2711,ADJ,ADJ
gesprek,3.2704,N,NOU
blijkbaar,3.2702,ADJ,ADJ
stelt,3.2695,WW,VER
betaal,3.269,WW,VER
kiezen,3.2683,WW,VER
aandacht,3.2681,N,NOU
hangen,3.2681,WW,VER
gewonnen,3.2679,WW,VER
lijk,3.2676,N,NOU
gehouden,3.2674,WW,VER
ouwe,3.2651,ADJ,ADJ
verdient,3.2643,WW,VER
meter,3.2639,N,NOU
verrassing,3.2632,N,NOU
helft,3.2629,N,NOU
hiermee,3.2629,BW,ADV
groep,3.2627,N,NOU
vonden,3.2627,WW,VER
sluiten,3.2625,WW,VER
dromen,3.2622,N,NOU
draagt,3.262,WW,VER
rennen,3.262,WW,VER
woon,3.2608,WW,VER
lees,3.2601,WW,VER
oog,3.2601,N,NOU
belachelijk,3.2596,ADJ,ADJ
broek,3.2586,N,NOU
m,3.2586,N,NOU
liegen,3.2584,WW,VER
nek,3.2579,N,NOU
meest,3.2572,VNW,PRO
ongelooflijk,3.2562,ADJ,ADJ
negen,3.2558,ADJ,ADJ
opschieten,3.2558,WW,VER
advocaat,3.255,N,NOU
zon,3.255,N,NOU
vuile,3.2548,ADJ,ADJ
prachtige,3.2545,ADJ,ADJ
gewond,3.2541,ADJ,ADJ
relatie,3.2541,N,NOU
waarmee,3.2541,BW,ADV
gezeten,3.2538,WW,VER
wisten,3.2538,WW,VER
leger,3.2531,N,NOU
groter,3.2519,ADJ,ADJ
gauw,3.2514,ADJ,ADJ
gepakt,3.2512,WW,VER
liegt,3.2512,WW,VER
slaapt,3.2502,WW,VER
bank,3.2494,N,NOU
dachten,3.2492,WW,VER
sleutel,3.2487,N,NOU
ruzie,3.2485,N,NOU
heer,3.2472,N,NOU
gezin,3.2465,N,NOU
geschreven,3.2455,WW,VER
voeten,3.2455,N,NOU
schoenen,3.2453,N,NOU
betere,3.2445,ADJ,ADJ
bewegen,3.244,WW,VER
slag,3.2438,N,NOU
enig,3.2428,VNW,PRO
moordenaar,3.2428,N,NOU
last,3.242,N,NOU
levend,3.242,WW,VER
seconden,3.2415,N,NOU
schrijf,3.2413,WW,VER
duren,3.2405,WW,VER
aangenaam,3.2403,ADJ,ADJ
verdomde,3.24,ADJ,ADJ
band,3.2398,N,NOU
speciale,3.2398,ADJ,ADJ
belt,3.2395,WW,VER
waarop,3.2395,BW,ADV
zagen,3.239,WW,VER
zware,3.2385,ADJ,ADJ
simpel,3.2383,ADJ,ADJ
angst,3.2378,N,NOU
muur,3.2378,N,NOU
gestorven,3.237,WW,VER
verschil,3.2368,N,NOU
dode,3.236,ADJ,ADJ
verandert,3.2355,WW,VER
ontdekt,3.2343,WW,VER
stukje,3.2343,N,NOU
bureau,3.2338,N,NOU
doorgaan,3.2338,WW,VER
links,3.233,ADJ,ADJ
pistool,3.233,N,NOU
noemt,3.2327,WW,VER
bestaan,3.2325,WW,VER
gestopt,3.2317,WW,VER
bedoelde,3.2299,WW,VER
indruk,3.2287,N,NOU
kaart,3.2284,N,NOU
boel,3.2281,N,NOU
achteruit,3.2263,BW,ADV
spul,3.2258,N,NOU
huwelijk,3.2248,N,NOU
kort,3.2248,ADJ,ADJ
rekening,3.2245,N,NOU
bedanken,3.2243,WW,VER
wagen,3.224,N,NOU
kennis,3.2238,N,NOU
nadenken,3.2238,WW,VER
glas,3.2235,N,NOU
verlies,3.2235,N,NOU
sprak,3.2227,WW,VER
lift,3.2225,N,NOU
hotel,3.2222,N,NOU
gesloten,3.2206,WW,VER
lol,3.2204,N,NOU
geholpen,3.2198,WW,VER
les,3.2188,N,NOU
wet,3.2188,N,NOU
geweten,3.2183,WW,VER
allen,3.2167,VNW,PRO
leer,3.2162,WW,VER
passen,3.2159,WW,VER
seks,3.2156,N,NOU
zorgt,3.2146,WW,VER
vlak,3.2135,BW,ADV
draait,3.2133,WW,VER
stelen,3.2133,WW,VER
gewone,3.213,ADJ,ADJ
pap,3.213,N,NOU
waarvan,3.213,BW,ADV
bezorgd,3.2127,ADJ,ADJ
gooien,3.2122,WW,VER
verkocht,3.2122,WW,VER
maat,3.2119,N,NOU
godsnaam,3.2114,N,NOU
kont,3.2109,N,NOU
langzaam,3.2101,ADJ,ADJ
midden,3.2095,BW,ADV
toevallig,3.2079,ADJ,ADJ
durf,3.2076,WW,VER
vertrek,3.2076,N,NOU
boeken,3.2074,N,NOU
lijst,3.2074,N,NOU
tijden,3.2071,N,NOU
amerika,3.2057,N,NOU
gepraat,3.2052,WW,VER
vanmorgen,3.2049,BW,ADV
gestoord,3.2044,WW,VER
speciaal,3.2041,ADJ,ADJ
dichtbij,3.2038,ADJ,ADJ
leef,3.2038,WW,VER
lul,3.2038,N,NOU
adem,3.2025,N,NOU
bericht,3.2025,N,NOU
boodschap,3.2025,N,NOU
twintig,3.2022,ADJ,ADJ
zwart,3.2011,ADJ,ADJ
terecht,3.2006,ADJ,ADJ
aantal,3.2003,N,NOU
adres,3.2003,N,NOU
armen,3.2,N,NOU
waarover,3.1998,BW,ADV
dankzij,3.1992,VZ,PRP
draag,3.1992,WW,VER
draaien,3.1987,WW,VER
luistert,3.1978,WW,VER
ervaring,3.1973,N,NOU
trap,3.1973,N,NOU
totaal,3.197,ADJ,ADJ
noemde,3.1967,WW,VER
zocht,3.1953,WW,VER
steek,3.194,WW,VER
gebied,3.1937,N,NOU
excuses,3.1934,N,NOU
ineens,3.1934,BW,ADV
vliegtuig,3.1934,N,NOU
hoge,3.1923,ADJ,ADJ
welterusten,3.1923,N,NOU
rode,3.1915,ADJ,ADJ
gebouw,3.1906,N,NOU
slot,3.1903,N,NOU
bereid,3.1901,ADJ,ADJ
huilen,3.1901,WW,VER
schoon,3.1901,ADJ,ADJ
belangrijke,3.1898,ADJ,ADJ
erachter,3.1898,BW,ADV
leidt,3.1895,WW,VER
roep,3.1889,WW,VER
vieren,3.1889,WW,VER
winkel,3.1889,N,NOU
wens,3.1886,N,NOU
positie,3.1878,N,NOU
betaalt,3.187,WW,VER
betrokken,3.1861,WW,VER
hoek,3.1853,N,NOU
koop,3.185,WW,VER
volledig,3.1844,ADJ,ADJ
vaker,3.1841,ADJ,ADJ
oom,3.1838,N,NOU
vlees,3.1838,N,NOU
rechts,3.1833,ADJ,ADJ
raakte,3.183,WW,VER
vlucht,3.1827,N,NOU
zakken,3.181,WW,VER
teveel,3.1804,VNW,PRO
binnenkort,3.1796,BW,ADV
keuken,3.1796,N,NOU
past,3.179,WW,VER
breken,3.1787,WW,VER
dol,3.1787,ADJ,ADJ
geslagen,3.1787,WW,VER
plaatsen,3.1787,N,NOU
geniet,3.1778,WW,VER
amerikaanse,3.1775,ADJ,ADJ
dr,3.1764,N,NOU
drugs,3.1764,N,NOU
ophalen,3.1764,WW,VER
waarin,3.1761,BW,ADV
held,3.1755,N,NOU
gevangen,3.1752,WW,VER
eikel,3.1746,N,NOU
hopen,3.1738,WW,VER
besloten,3.1729,WW,VER
beiden,3.172,VNW,PRO
grap,3.1711,N,NOU
gegeten,3.1708,WW,VER
kosten,3.1708,WW,VER
ontsnappen,3.1708,WW,VER
betekenen,3.1697,WW,VER
vrede,3.1697,N,NOU
honderd,3.1691,ADJ,ADJ
rare,3.1691,ADJ,ADJ
gasten,3.1688,N,NOU
enorm,3.1685,ADJ,ADJ
gebleven,3.1685,WW,VER
geschiedenis,3.1682,N,NOU
sloeg,3.167,WW,VER
sommigen,3.1664,VNW,PRO
bedacht,3.1661,WW,VER
sterft,3.1652,WW,VER
stoel,3.1652,N,NOU
bedrijf,3.1649,N,NOU
gezocht,3.1649,WW,VER
bezit,3.1647,N,NOU
lach,3.1647,WW,VER
bespreken,3.1644,WW,VER
bevalt,3.1641,WW,VER
feestje,3.1641,N,NOU
verantwoordelijk,3.1638,ADJ,ADJ
gemeen,3.1632,ADJ,ADJ
leeftijd,3.1632,N,NOU
richting,3.1632,N,NOU
lot,3.1629,N,NOU
ouder,3.1623,ADJ,ADJ
onmiddellijk,3.162,ADJ,ADJ
overkomen,3.1608,WW,VER
rijdt,3.1602,WW,VER
heus,3.1596,ADJ,ADJ
rook,3.1593,N,NOU
terugkomen,3.1593,WW,VER
tevreden,3.159,ADJ,ADJ
goedenavond,3.1587,ADJ,ADJ
opeens,3.1587,BW,ADV
oren,3.1575,N,NOU
vergeef,3.1575,WW,VER
mist,3.1572,WW,VER
voet,3.1572,N,NOU
zelfmoord,3.1572,N,NOU
dak,3.1569,N,NOU
gast,3.1565,N,NOU
enorme,3.1562,ADJ,ADJ
meiden,3.1559,N,NOU
krant,3.1556,N,NOU
vakantie,3.155,N,NOU
afgesproken,3.1544,WW,VER
bedoeling,3.1541,N,NOU
risico,3.1535,N,NOU
tekenen,3.1529,WW,VER
bijzonder,3.1523,ADJ,ADJ
betreft,3.152,WW,VER
sleutels,3.1511,N,NOU
overleven,3.1508,WW,VER
brief,3.1504,N,NOU
afmaken,3.1501,WW,VER
partner,3.1501,N,NOU
onderzoeken,3.1498,WW,VER
beurt,3.1492,N,NOU
nagedacht,3.1492,WW,VER
schoot,3.1492,WW,VER
schijnt,3.1489,WW,VER
beweging,3.1486,N,NOU
feit,3.1483,N,NOU
halve,3.1483,ADJ,ADJ
ontvangen,3.1483,WW,VER
bevel,3.148,N,NOU
begraven,3.1474,WW,VER
momentje,3.1474,N,NOU
vele,3.1474,VNW,PRO
werkelijk,3.1471,ADJ,ADJ
ware,3.1464,ADJ,ADJ
trekt,3.1461,WW,VER
witte,3.1461,ADJ,ADJ
rusten,3.1455,WW,VER
snapt,3.1452,WW,VER
twaalf,3.1452,ADJ,ADJ
reken,3.1449,WW,VER
vriendje,3.1436,N,NOU
tegenhouden,3.143,WW,VER
verdwijnen,3.1427,WW,VER
gat,3.1421,N,NOU
geluid,3.1421,N,NOU
minuut,3.1418,N,NOU
toestemming,3.1418,N,NOU
been,3.1414,N,NOU
verschillende,3.1408,ADJ,ADJ
volgt,3.1408,WW,VER
wonder,3.1399,N,NOU
mooiste,3.1386,ADJ,ADJ
zee,3.1386,N,NOU
wijn,3.1383,N,NOU
blauwe,3.138,ADJ,ADJ
ontslagen,3.138,WW,VER
uren,3.1374,N,NOU
tas,3.137,N,NOU
trouw,3.1364,N,NOU
gevoelens,3.1361,N,NOU
gedoe,3.1358,N,NOU
vertrokken,3.1358,WW,VER
wint,3.1358,WW,VER
genoegen,3.1351,N,NOU
shit,3.1351,N,NOU
engels,3.1342,N,NOU
lukken,3.1335,WW,VER
vijand,3.1332,N,NOU
bar,3.1329,N,NOU
verklaring,3.1326,N,NOU
kussen,3.1319,WW,VER
rood,3.1316,ADJ,ADJ
volwassen,3.1316,ADJ,ADJ
veiligheid,3.1313,N,NOU
behoorlijk,3.131,ADJ,ADJ
boot,3.131,N,NOU
lui,3.131,N,NOU
eeuwig,3.1294,ADJ,ADJ
beslissing,3.129,N,NOU
genoemd,3.129,WW,VER
ontbijt,3.1287,N,NOU
stopt,3.1284,WW,VER
belangrijkste,3.1274,ADJ,ADJ
gelogen,3.1274,WW,VER
ochtend,3.1274,N,NOU
weekend,3.1274,N,NOU
kus,3.1271,N,NOU
wind,3.1268,N,NOU
ijs,3.1258,N,NOU
springen,3.1258,WW,VER
verboden,3.1252,WW,VER
dikke,3.1248,ADJ,ADJ
orde,3.1245,N,NOU
ruikt,3.1242,WW,VER
meegemaakt,3.1235,WW,VER
vorm,3.1232,N,NOU
bedenken,3.1225,WW,VER
gratis,3.1225,ADJ,ADJ
taak,3.1225,N,NOU
keren,3.1212,N,NOU
bal,3.1209,N,NOU
bus,3.1209,N,NOU
geheime,3.1209,ADJ,ADJ
tanden,3.1199,N,NOU
agenten,3.1196,N,NOU
kerk,3.1193,N,NOU
zingen,3.1193,WW,VER
opdracht,3.1186,N,NOU
opnemen,3.1186,WW,VER
flink,3.1183,ADJ,ADJ
spoor,3.1183,N,NOU
bepaalde,3.1179,ADJ,ADJ
fijne,3.1173,ADJ,ADJ
opstaan,3.1166,WW,VER
der,3.1163,LID,DET
bier,3.1156,N,NOU
kerels,3.1156,N,NOU
nerveus,3.1156,ADJ,ADJ
antwoorden,3.1153,N,NOU
dik,3.1153,ADJ,ADJ
erom,3.1153,BW,ADV
verlaat,3.1133,WW,VER
paard,3.1109,N,NOU
reet,3.1106,N,NOU
kilometer,3.1103,N,NOU
ergste,3.1096,ADJ,ADJ
uitstekend,3.1092,ADJ,ADJ
uitzoeken,3.1086,WW,VER
verpest,3.1086,WW,VER
afstand,3.1082,N,NOU
slachtoffer,3.1082,N,NOU
vrijheid,3.1079,N,NOU
fles,3.1075,N,NOU
gekozen,3.1075,WW,VER
opzij,3.1075,BW,ADV
vertrekt,3.1075,WW,VER
overleden,3.1065,WW,VER
onschuldig,3.1062,ADJ,ADJ
voeren,3.1059,WW,VER
rol,3.1055,N,NOU
wijs,3.1055,ADJ,ADJ
steken,3.1052,WW,VER
paniek,3.1045,N,NOU
thee,3.1045,N,NOU
jaloers,3.1038,ADJ,ADJ
klote,3.1038,ADJ,ADJ
kregen,3.1038,WW,VER
verschrikkelijk,3.1035,ADJ,ADJ
bouwen,3.1031,WW,VER
kapitein,3.1028,N,NOU
mrs,3.1028,N,NOU
jas,3.1024,N,NOU
verstand,3.1024,N,NOU
zwanger,3.1024,ADJ,ADJ
geslapen,3.1021,WW,VER
eenmaal,3.1017,BW,ADV
aandoen,3.1014,WW,VER
pad,3.1011,N,NOU
gedrag,3.1007,N,NOU
rechter,3.1007,N,NOU
vrije,3.1007,ADJ,ADJ
verwachten,3.1004,WW,VER
schreef,3.098,WW,VER
wezen,3.098,WW,VER
heette,3.0976,WW,VER
hoer,3.0976,N,NOU
bijvoorbeeld,3.0969,BW,ADV
camera,3.0969,N,NOU
verdorie,3.0969,N,NOU
jurk,3.0966,N,NOU
perfecte,3.0966,ADJ,ADJ
zuster,3.0959,N,NOU
domme,3.0955,ADJ,ADJ
volk,3.0955,N,NOU
hoopte,3.0952,WW,VER
deal,3.0948,N,NOU
ontsnapt,3.0948,WW,VER
gedragen,3.0941,WW,VER
gezelschap,3.0941,N,NOU
roken,3.0941,WW,VER
spelletje,3.0941,N,NOU
gekke,3.0938,ADJ,ADJ
jouwe,3.0938,VNW,PRO
harder,3.0934,ADJ,ADJ
radio,3.0934,N,NOU
lunch,3.0931,N,NOU
verdiend,3.0927,WW,VER
verhalen,3.0924,N,NOU
kleur,3.092,N,NOU
hiervan,3.0917,BW,ADV
vingers,3.0917,N,NOU
controleren,3.091,WW,VER
vergeven,3.091,WW,VER
aardige,3.0903,ADJ,ADJ
dankbaar,3.0896,ADJ,ADJ
strijd,3.0896,N,NOU
bek,3.0892,N,NOU
leiding,3.0892,N,NOU
papieren,3.0892,N,NOU
levens,3.0888,N,NOU
oplossing,3.0885,N,NOU
beeld,3.0881,N,NOU
dichterbij,3.0878,ADJ,ADJ
tonen,3.0878,WW,VER
geschoten,3.0874,WW,VER
wraak,3.0874,N,NOU
vriendelijk,3.0867,ADJ,ADJ
ls,3.0864,N,NOU
pakt,3.0864,WW,VER
aangedaan,3.086,WW,VER
koning,3.086,N,NOU
ruim,3.086,ADJ,ADJ
moed,3.0856,N,NOU
voorkomen,3.0856,WW,VER
duur,3.0849,ADJ,ADJ
gerust,3.0849,ADJ,ADJ
gevolgd,3.0846,WW,VER
speelde,3.0842,WW,VER
reed,3.0839,WW,VER
geloofde,3.0831,WW,VER
huid,3.0831,N,NOU
ten,3.0831,VZ,PRP
bloemen,3.0824,N,NOU
gemakkelijk,3.0824,ADJ,ADJ
jazeker,3.0824,N,NOU
vorig,3.0821,ADJ,ADJ
cel,3.0813,N,NOU
tegenwoordig,3.0813,ADJ,ADJ
beest,3.081,N,NOU
binnenkomen,3.081,WW,VER
boom,3.0806,N,NOU
type,3.0806,N,NOU
wiens,3.0806,VNW,PRO
meent,3.0785,WW,VER
gelaten,3.0781,WW,VER
zwak,3.077,ADJ,ADJ
geweld,3.0766,N,NOU
twijfel,3.0766,N,NOU
gearresteerd,3.0759,WW,VER
sukkel,3.0759,N,NOU
verjaardag,3.0759,N,NOU
bepaald,3.0752,ADJ,ADJ
sterke,3.0752,ADJ,ADJ
monster,3.0748,N,NOU
vreselijke,3.0748,ADJ,ADJ
roepen,3.0745,WW,VER
gewacht,3.0734,WW,VER
lenen,3.073,WW,VER
hartelijk,3.0726,ADJ,ADJ
openen,3.0726,WW,VER
lijden,3.0719,WW,VER
redt,3.0719,WW,VER
sterker,3.0719,ADJ,ADJ
vernietigen,3.0719,WW,VER
mes,3.0715,N,NOU
verraden,3.0715,WW,VER
actie,3.0711,N,NOU
misdaad,3.0711,N,NOU
president,3.0711,N,NOU
getuigen,3.0704,N,NOU
stappen,3.0704,WW,VER
verbergen,3.07,WW,VER
getuige,3.0697,N,NOU
neergeschoten,3.0693,WW,VER
kies,3.0689,WW,VER
geduld,3.0682,N,NOU
compleet,3.0678,ADJ,ADJ
verliest,3.0678,WW,VER
ballen,3.0674,N,NOU
details,3.0671,N,NOU
klas,3.0667,N,NOU
dieren,3.066,N,NOU
manieren,3.0656,N,NOU
stuurt,3.0656,WW,VER
bad,3.0648,N,NOU
troep,3.0648,N,NOU
vandoor,3.0648,BW,ADV
sporen,3.0641,N,NOU
vermoordt,3.0641,WW,VER
duizend,3.0637,ADJ,ADJ
trein,3.0637,N,NOU
bekijk,3.063,WW,VER
nauwelijks,3.063,BW,ADV
blik,3.0626,N,NOU
rekenen,3.0626,WW,VER
taxi,3.0626,N,NOU
bieden,3.0622,WW,VER
systeem,3.0611,N,NOU
persoonlijke,3.0607,ADJ,ADJ
knul,3.0603,N,NOU
waardoor,3.0599,BW,ADV
hiervoor,3.0596,BW,ADV
uitgenodigd,3.0592,WW,VER
oma,3.0584,N,NOU
toilet,3.0584,N,NOU
vecht,3.0577,WW,VER
geweer,3.0569,N,NOU
aanval,3.0565,N,NOU
beslist,3.0554,WW,VER
harde,3.0554,ADJ,ADJ
start,3.055,N,NOU
oplossen,3.0546,WW,VER
verkoop,3.0546,WW,VER
ernstig,3.0542,ADJ,ADJ
gebruikte,3.0542,WW,VER
vaders,3.0535,N,NOU
makkelijker,3.0531,ADJ,ADJ
ervandoor,3.0527,BW,ADV
vangen,3.0527,WW,VER
schoonheid,3.0523,N,NOU
kogel,3.0519,N,NOU
ondanks,3.0519,VZ,PRP
mening,3.0515,N,NOU
stuurde,3.0515,WW,VER
toon,3.0515,N,NOU
vervelend,3.0512,ADJ,ADJ
club,3.0508,N,NOU
drankje,3.0504,N,NOU
gedronken,3.05,WW,VER
cool,3.0496,ADJ,ADJ
afscheid,3.0492,N,NOU
hoewel,3.0492,VG,CON
stilte,3.0492,N,NOU
tegenover,3.0492,VZ,PRP
vluchten,3.0492,WW,VER
leert,3.0488,WW,VER
korte,3.0484,ADJ,ADJ
genieten,3.0477,WW,VER
interesseert,3.0477,WW,VER
morgenochtend,3.0477,BW,ADV
taal,3.0477,N,NOU
tent,3.0477,N,NOU
wedstrijd,3.0477,N,NOU
geïnteresseerd,3.0473,WW,VER
vlug,3.0473,ADJ,ADJ
vasthouden,3.0469,WW,VER
vergissing,3.0465,N,NOU
boord,3.0457,N,NOU
donder,3.0457,WW,VER
hoger,3.0457,ADJ,ADJ
leugenaar,3.0457,N,NOU
regering,3.0445,N,NOU
waarheen,3.0426,BW,ADV
advies,3.0422,N,NOU
gewend,3.0418,WW,VER
rivier,3.0418,N,NOU
aankomen,3.0414,WW,VER
erheen,3.0414,BW,ADV
straf,3.0414,N,NOU
hielp,3.041,WW,VER
duizenden,3.0406,N,NOU
leider,3.0406,N,NOU
stukken,3.0406,N,NOU
drank,3.0402,N,NOU
ideeën,3.0398,N,NOU
vis,3.0398,N,NOU
verborgen,3.0394,WW,VER
belang,3.039,N,NOU
honden,3.039,N,NOU
achtergelaten,3.0386,WW,VER
eenvoudig,3.0386,ADJ,ADJ
leerde,3.0386,WW,VER
bak,3.037,N,NOU
rotzooi,3.0362,N,NOU
duivel,3.0358,N,NOU
klanten,3.0358,N,NOU
akkoord,3.0354,ADJ,ADJ
fouten,3.0342,N,NOU
ma,3.0342,N,NOU
netjes,3.0338,ADJ,ADJ
verstopt,3.0334,WW,VER
aannemen,3.0326,WW,VER
kwestie,3.0314,N,NOU
volle,3.0314,ADJ,ADJ
gezond,3.031,ADJ,ADJ
show,3.0306,N,NOU
missie,3.0298,N,NOU
computer,3.0286,N,NOU
gedachte,3.0286,N,NOU
groeten,3.0282,N,NOU
beslissen,3.0273,WW,VER
gekeken,3.0273,WW,VER
test,3.0273,N,NOU
vrijdag,3.0269,N,NOU
droeg,3.0265,WW,VER
gaven,3.0261,WW,VER
ontmoette,3.0261,WW,VER
bereikt,3.0257,WW,VER
moeders,3.0253,N,NOU
raden,3.0253,WW,VER
brand,3.0249,N,NOU
gekend,3.0249,WW,VER
eigenaar,3.0245,N,NOU
favoriete,3.0245,ADJ,ADJ
john,3.0245,N,NOU
overkomt,3.0241,WW,VER
woonde,3.0241,WW,VER
moorden,3.0237,N,NOU
zonde,3.0237,N,NOU
motor,3.0233,N,NOU
opgeven,3.0233,WW,VER
blijkt,3.022,WW,VER
jagen,3.022,WW,VER
vloer,3.022,N,NOU
terugkomt,3.0216,WW,VER
wit,3.0216,ADJ,ADJ
achterlaten,3.0212,WW,VER
operatie,3.0212,N,NOU
heilige,3.0208,ADJ,ADJ
voorlopig,3.0199,ADJ,ADJ
gevecht,3.0195,N,NOU
procent,3.0195,N,NOU
reizen,3.0191,WW,VER
schade,3.0191,N,NOU
streek,3.0191,N,NOU
schip,3.0187,N,NOU
steun,3.0183,N,NOU
publiek,3.0175,N,NOU
top,3.0175,N,NOU
vanmiddag,3.0175,BW,ADV
carrière,3.017,N,NOU
tante,3.0166,N,NOU
zomer,3.0166,N,NOU
doorheen,3.0158,VZ,PRP
lieg,3.0158,WW,VER
sterf,3.0154,WW,VER
ster,3.0145,N,NOU
verloor,3.0145,WW,VER
restaurant,3.0141,N,NOU
melk,3.0133,N,NOU
deuren,3.0128,N,NOU
herken,3.0124,WW,VER
slachtoffers,3.0124,N,NOU
talent,3.0124,N,NOU
opzoeken,3.012,WW,VER
schreeuwen,3.012,WW,VER
schrikken,3.012,WW,VER
telefoontje,3.0111,N,NOU
aanvallen,3.0107,WW,VER
herinnert,3.0099,WW,VER
knappe,3.0099,ADJ,ADJ
neuken,3.0099,WW,VER
bedoeld,3.0095,WW,VER
logisch,3.0095,ADJ,ADJ
saai,3.0095,ADJ,ADJ
tegelijk,3.0095,BW,ADV
behandelen,3.009,WW,VER
cent,3.0082,N,NOU
interesse,3.0082,N,NOU
schrijft,3.0077,WW,VER
bidden,3.0069,WW,VER
daarheen,3.0069,BW,ADV
eenzaam,3.0069,ADJ,ADJ
energie,3.0069,N,NOU
landen,3.0069,N,NOU
eng,3.0065,ADJ,ADJ
daarin,3.006,BW,ADV
gelul,3.006,N,NOU
leefde,3.006,WW,VER
blauw,3.0056,ADJ,ADJ
verdien,3.0056,WW,VER
arresteren,3.0052,WW,VER
ruik,3.0048,WW,VER
telt,3.0048,WW,VER
nogmaals,3.0043,BW,ADV
lekkere,3.0039,ADJ,ADJ
vaarwel,3.003,ADJ,ADJ
goud,3.0026,N,NOU
laag,3.0026,ADJ,ADJ
vissen,3.0026,N,NOU
blind,3.0017,ADJ,ADJ
normale,3.0013,ADJ,ADJ
hang,3.0009,WW,VER
stelletje,3.0009,N,NOU
dwars,3.0004,ADJ,ADJ
miljoenen,3.0004,N,NOU
post,3.0004,N,NOU
koken,3,WW,VER
slaapkamer,2.9996,N,NOU
ring,2.9987,N,NOU
smaak,2.9987,N,NOU
lid,2.9983,N,NOU
nachtmerrie,2.9983,N,NOU
neef,2.9978,N,NOU
officieel,2.9978,ADJ,ADJ
drinkt,2.9974,WW,VER
zwemmen,2.9974,WW,VER
kat,2.9969,N,NOU
bovendien,2.9965,BW,ADV
doos,2.9965,N,NOU
klap,2.9965,N,NOU
dertig,2.9961,ADJ,ADJ
dossier,2.9961,N,NOU
echtgenoot,2.9961,N,NOU
besluit,2.9956,N,NOU
trut,2.9956,N,NOU
tuin,2.9956,N,NOU
gespeeld,2.9952,WW,VER
waarschuwen,2.9952,WW,VER
geldt,2.9948,WW,VER
bos,2.9943,N,NOU
redenen,2.9943,N,NOU
biertje,2.9939,N,NOU
jack,2.9939,N,NOU
toegang,2.9939,N,NOU
aanbieden,2.993,WW,VER
moeilijke,2.9921,ADJ,ADJ
prettige,2.9921,ADJ,ADJ
verdachte,2.9921,N,NOU
welnee,2.9917,INT,INT
opgesloten,2.9908,WW,VER
daarbij,2.9903,BW,ADV
schitterend,2.9903,ADJ,ADJ
sexy,2.9899,ADJ,ADJ
toegeven,2.9899,WW,VER
aanraken,2.9894,WW,VER
ernaar,2.9894,BW,ADV
voorbeeld,2.989,N,NOU
waardeer,2.989,WW,VER
vijanden,2.9881,N,NOU
dans,2.9877,N,NOU
ontdekken,2.9877,WW,VER
soldaten,2.9877,N,NOU
verantwoordelijkheid,2.9877,N,NOU
wegens,2.9877,VZ,PRP
afdeling,2.9863,N,NOU
geheimen,2.9863,N,NOU
code,2.9859,N,NOU
minstens,2.9859,BW,ADV
rijke,2.9859,ADJ,ADJ
opgewonden,2.9854,WW,VER
begrafenis,2.985,N,NOU
lef,2.985,N,NOU
maan,2.9845,N,NOU
omgeving,2.9845,N,NOU
trok,2.9845,WW,VER
hoelang,2.9841,BW,ADV
aanwezig,2.9836,ADJ,ADJ
strand,2.9832,N,NOU
behandeld,2.9827,WW,VER
graf,2.9827,N,NOU
toeval,2.9827,N,NOU
ziekte,2.9827,N,NOU
daardoor,2.9809,BW,ADV
gedag,2.9809,N,NOU
klootzakken,2.9809,N,NOU
papier,2.9805,N,NOU
wassen,2.9805,WW,VER
dorp,2.98,N,NOU
kast,2.98,N,NOU
vrees,2.98,WW,VER
pers,2.9795,N,NOU
sterren,2.9795,N,NOU
kust,2.9791,N,NOU
omstandigheden,2.9791,N,NOU
overtuigd,2.9791,WW,VER
schot,2.9791,N,NOU
universiteit,2.9786,N,NOU
wed,2.9786,WW,VER
knieën,2.9782,N,NOU
hierin,2.9777,BW,ADV
opgenomen,2.9773,WW,VER
onthouden,2.9768,WW,VER
zojuist,2.9768,BW,ADV
hersens,2.9763,N,NOU
bewaren,2.9759,WW,VER
verderop,2.975,BW,ADV
daaraan,2.9736,BW,ADV
medicijnen,2.9731,N,NOU
pik,2.9727,WW,VER
duurde,2.9722,WW,VER
klant,2.9722,N,NOU
pot,2.9722,N,NOU
programma,2.9722,N,NOU
toestand,2.9717,N,NOU
brood,2.9713,N,NOU
ophangen,2.9708,WW,VER
kaarten,2.9703,N,NOU
maakten,2.9703,WW,VER
medelijden,2.9703,N,NOU
melden,2.9703,WW,VER
ontzettend,2.9699,ADJ,ADJ
sliep,2.9699,WW,VER
stonden,2.9699,WW,VER
dubbele,2.9694,ADJ,ADJ
gescheiden,2.9694,WW,VER
hersenen,2.9694,N,NOU
kunst,2.9694,N,NOU
ellende,2.9685,N,NOU
tellen,2.968,WW,VER
vanochtend,2.968,BW,ADV
slimme,2.9675,ADJ,ADJ
tong,2.9675,N,NOU
prettig,2.9671,ADJ,ADJ
stemmen,2.9671,N,NOU
lieten,2.9661,WW,VER
verslaan,2.9661,WW,VER
buren,2.9657,N,NOU
gebouwd,2.9652,WW,VER
jeugd,2.9652,N,NOU
verbrand,2.9652,WW,VER
klus,2.9647,N,NOU
badkamer,2.9643,N,NOU
breekt,2.9643,WW,VER
amper,2.9638,BW,ADV
wensen,2.9638,N,NOU
vijftien,2.9628,ADJ,ADJ
gaaf,2.9624,ADJ,ADJ
grijp,2.9624,WW,VER
hoefde,2.9619,WW,VER
vinger,2.9619,N,NOU
lelijk,2.9614,ADJ,ADJ
vervangen,2.9614,WW,VER
aangevallen,2.9609,WW,VER
he,2.9609,INT,INT
gewaarschuwd,2.9605,WW,VER
broers,2.96,N,NOU
schattig,2.96,ADJ,ADJ
verstoppen,2.96,WW,VER
zaterdag,2.96,N,NOU
bescherming,2.9595,N,NOU
maandag,2.9595,N,NOU
soldaat,2.9595,N,NOU
verslagen,2.959,WW,VER
vormen,2.959,WW,VER
zondag,2.959,N,NOU
redelijk,2.9586,ADJ,ADJ
appartement,2.9581,N,NOU
opa,2.9581,N,NOU
proces,2.9576,N,NOU
alarm,2.9571,N,NOU
keel,2.9571,N,NOU
menselijk,2.9571,ADJ,ADJ
nat,2.9571,ADJ,ADJ
ruiken,2.9571,WW,VER
vliegt,2.9571,WW,VER
terrein,2.9566,N,NOU
dichter,2.9562,ADJ,ADJ
londen,2.9562,N,NOU
rapport,2.9562,N,NOU
durft,2.9557,WW,VER
gezellig,2.9552,ADJ,ADJ
kip,2.9552,N,NOU
veroorzaakt,2.9552,WW,VER
grens,2.9547,N,NOU
leest,2.9542,WW,VER
jongeman,2.9533,N,NOU
verdomd,2.9533,WW,VER
belangrijker,2.9528,ADJ,ADJ
gaande,2.9528,WW,VER
la,2.9528,N,NOU
meedoen,2.9528,WW,VER
huur,2.9523,N,NOU
steen,2.9523,N,NOU
wedden,2.9523,WW,VER
accepteren,2.9513,WW,VER
pauze,2.9513,N,NOU
basis,2.9509,N,NOU
bleek,2.9509,WW,VER
huizen,2.9509,N,NOU
opgelost,2.9509,WW,VER
wijze,2.9509,N,NOU
buik,2.9504,N,NOU
lig,2.9504,WW,VER
waarschuw,2.9504,WW,VER
vernietigd,2.9494,WW,VER
genade,2.9484,N,NOU
gouden,2.9484,ADJ,ADJ
bezoeken,2.9479,WW,VER
zwijgen,2.9479,WW,VER
hoed,2.9469,N,NOU
naakt,2.9469,ADJ,ADJ
verkoopt,2.9469,WW,VER
haalde,2.9465,WW,VER
rechten,2.9465,N,NOU
spelletjes,2.9465,N,NOU
aanbod,2.9455,N,NOU
borst,2.9455,N,NOU
zette,2.9455,WW,VER
kogels,2.945,N,NOU
menselijke,2.945,ADJ,ADJ
tweeën,2.945,ADJ,ADJ
gepleegd,2.9445,WW,VER
namelijk,2.9445,BW,ADV
voorstel,2.944,N,NOU
bergen,2.9435,N,NOU
bord,2.9435,N,NOU
cadeau,2.9435,N,NOU
groene,2.9435,ADJ,ADJ
plegen,2.9435,WW,VER
tel,2.9435,WW,VER
vlieg,2.9435,WW,VER
geintje,2.9425,N,NOU
kloppen,2.9425,WW,VER
merken,2.9425,WW,VER
omgaan,2.9425,WW,VER
voedsel,2.9425,N,NOU
allerlei,2.9415,ADJ,ADJ
onszelf,2.9415,VNW,PRO
haten,2.941,WW,VER
liedje,2.941,N,NOU
stopte,2.941,WW,VER
handel,2.9405,N,NOU
teleurgesteld,2.9405,WW,VER
stoor,2.94,WW,VER
gewild,2.9395,WW,VER
noorden,2.9395,N,NOU
hekel,2.939,N,NOU
smerig,2.939,ADJ,ADJ
excuus,2.9385,N,NOU
besef,2.938,WW,VER
champagne,2.938,N,NOU
grotere,2.938,ADJ,ADJ
aangezien,2.9375,VG,CON
genezen,2.9375,WW,VER
ongerust,2.9375,ADJ,ADJ
opgepakt,2.9375,WW,VER
verdedigen,2.9375,WW,VER
bekeken,2.937,WW,VER
blanke,2.937,ADJ,ADJ
generaal,2.937,N,NOU
smerige,2.9365,ADJ,ADJ
beters,2.936,ADJ,ADJ
waardeloos,2.936,ADJ,ADJ
ramp,2.935,N,NOU
wandelen,2.935,WW,VER
krachten,2.9345,N,NOU
ontslag,2.9345,N,NOU
sir,2.9345,N,NOU
groeien,2.934,WW,VER
lichten,2.934,N,NOU
liefste,2.934,ADJ,ADJ
lossen,2.934,WW,VER
reactie,2.934,N,NOU
letten,2.9335,WW,VER
beveiliging,2.933,N,NOU
leugens,2.933,N,NOU
lijf,2.933,N,NOU
waarde,2.933,N,NOU
dienen,2.9325,WW,VER
studeren,2.932,WW,VER
testen,2.932,WW,VER
verbonden,2.932,WW,VER
daarop,2.932,BW,ADV
