ID,Words,POS,word_num,Prob of coming after,Prob of coming bef,Condition,,POSbef,Probbef,,POSaft,Probaft
1,les,DET,1,,0.555390947,normal,,ADJADJ,0.011968085,,ADJADJ,0.016978417
1,vers,NOU,2,0.790606201,0.024923632,normal,,ADJADV,0.025810324,,ADJADV,0.071366906
1,sont,VER,3,0.032714167,0.430972389,normal,,ADJDET,0.008945611,,ADJDET,0.025611511
1,loin,ADV,4,0.237261252,,normal,,ADJINT,0.054418985,,ADJINT,0.085755396
2,ces,PRO,1,,0.004197531,normal,,ADJCON,0.09208245,,ADJCON,0.160863309
2,loups,NOU,2,0.003566334,0.024923632,normal,,ADJNOU,0.056296296,,ADJNOU,0.414676259
2,vont,VER,3,0.032714167,0.070952513,normal,,ADJPRO,0.022519393,,ADJPRO,0.127482014
2,voir,VER,4,0.067543454,,normal,,ADJPRP,0.031561027,,ADJPRP,0.089784173
3,ton,DET,1,,0.555390947,normal,,ADJVER,0.001457928,,ADJVER,0.007482014
3,mec,NOU,2,0.790606201,0.024923632,normal,,ADVADJ,0.161170213,,ADVADJ,0.062832063
3,est,VER,3,0.032714167,0.241223404,normal,,ADVADV,0.1484994,,ADVADV,0.142873643
3,vert,ADJ,4,0.042561628,,normal,,ADVDET,0.098520992,,ADVDET,0.095403095
4,votre,DET,1,,0.555390947,normal,,ADVINT,0.178805237,,ADVINT,0.100947101
4,reine,NOU,2,0.790606201,0.024923632,normal,,ADVCON,0.144866114,,ADVCON,0.086856087
4,était,VER,3,0.032714167,0.430972389,normal,,ADVNOU,0.014567901,,ADVNOU,0.027604528
4,bonne,ADV,4,0.237261252,,normal,,ADVPRO,0.122148894,,ADVPRO,0.243705244
5,votre,DET,1,,0.555390947,normal,,ADVPRP,0.156888423,,ADVPRP,0.138369138
5,roi,NOU,2,0.790606201,0.024923632,normal,,ADVVER,0.06095529,,ADVVER,0.101409101
5,était,VER,3,0.032714167,0.241223404,normal,,DETADJ,0.211702128,,DETADJ,0.082137899
5,grand,ADJ,4,0.042561628,,normal,,DETADV,0.013205282,,DETADV,0.01272559
6,ton,DET,1,,0.555390947,normal,,DETDET,0.070252863,,DETDET,0.06813975
6,homme,NOU,2,0.790606201,0.024923632,normal,,DETINT,0.011865794,,DETINT,0.006709857
6,sera,VER,3,0.032714167,0.241223404,normal,,DETCON,0.005008669,,DETCON,0.003007867
6,jeune,ADJ,4,0.042561628,,normal,,DETNOU,0.555390947,,DETNOU,0.790606201
7,ton,DET,1,,0.555390947,normal,,DETPRO,0.011635985,,DETPRO,0.023253124
7,cou,NOU,2,0.790606201,0.024923632,normal,,DETPRP,0.013357779,,DETPRP,0.011800093
7,est,VER,3,0.032714167,0.430972389,normal,,DETVER,0.000971952,,DETVER,0.001619621
7,gros,ADV,4,0.237261252,,normal,,INTADJ,0.030319149,,INTADJ,0.012327311
8,elles,PRO,1,,0.766592613,normal,,INTADV,0.075030012,,INTADV,0.132837407
8,sont,VER,2,0.656324299,0.26322682,normal,,INTDET,0.058444656,,INTDET,0.104144527
8,avec,PRP,3,0.132839865,0.04052333,normal,,INTINT,0.11497545,,INTINT,0.119447396
8,lui,PRO,4,0.089536966,,normal,,INTCON,0.091889809,,INTCON,0.101381509
9,cet,PRO,1,,0.004197531,normal,,INTNOU,0.011687243,,INTNOU,0.042082891
9,ours,NOU,2,0.003566334,0.024923632,normal,,INTPRO,0.097140211,,INTPRO,0.35664187
9,mange,VER,3,0.032714167,0.123769827,normal,,INTPRP,0.059717129,,INTPRP,0.096918172
9,tout,PRO,4,0.141299319,,normal,,INTVER,0.011177451,,INTVER,0.034218916
10,cet,PRO,1,,0.004197531,normal,,CONADJ,0.028191489,,CONADJ,0.005217977
10,ours,NOU,2,0.003566334,0.024923632,normal,,CONADV,0.086434574,,CONADV,0.121191719
10,vit,VER,3,0.032714167,0.430972389,normal,,CONDET,0.069895038,,CONDET,0.098636593
10,ici,ADV,4,0.237261252,,normal,,CONINT,0.126022913,,CONINT,0.103686248
11,vos,DET,1,,0.555390947,normal,,CONCON,0.065112695,,CONCON,0.056892779
11,pieds,NOU,2,0.790606201,0.024923632,normal,,CONNOU,0.014567901,,CONNOU,0.042417101
11,sont,VER,3,0.032714167,0.241223404,normal,,CONPRO,0.172860947,,CONPRO,0.502608988
11,bruns,ADJ,4,0.042561628,,normal,,CONPRP,0.044656888,,CONPRP,0.057397744
12,nos,DET,1,,0.555390947,normal,,CONVER,0.004929186,,CONVER,0.01195085
12,mains,NOU,2,0.790606201,0.024923632,normal,,NOUADJ,0.202393617,,NOUADJ,0.050827095
12,sont,VER,3,0.032714167,0.241223404,normal,,NOUADV,0.154021609,,NOUADV,0.115516126
12,sales,ADJ,4,0.042561628,,normal,,NOUDET,0.055701336,,NOUDET,0.041863044
13,son,DET,1,,0.555390947,normal,,NOUINT,0.240589198,,NOUINT,0.105720359
13,cou,NOU,2,0.790606201,0.024923632,normal,,NOUCON,0.300712772,,NOUCON,0.136771093
13,sera,VER,3,0.032714167,0.430972389,normal,,NOUNOU,0.085514403,,NOUNOU,0.04426578
13,ici,ADV,4,0.237261252,,normal,,NOUPRO,0.147968044,,NOUPRO,0.231217078
14,son,DET,1,,0.555390947,normal,,NOUPRP,0.350969094,,NOUPRP,0.241105258
14,serf,NOU,2,0.790606201,0.024923632,normal,,NOUVER,0.024923632,,NOUVER,0.032714167
14,est,VER,3,0.032714167,0.241223404,normal,,PROADJ,0.004787234,,PROADJ,0.00053495
14,noir,ADJ,4,0.042561628,,normal,,PROADV,0.045738295,,PROADV,0.02264622
15,cette,PRO,1,,0.004197531,normal,,PRODET,0.016698473,,PRODET,0.008321446
15,basse,NOU,2,0.003566334,0.024923632,normal,,PROINT,0.039689034,,PROINT,0.011531146
15,sonne,VER,3,0.032714167,0.430972389,normal,,PROCON,0.050471971,,PROCON,0.015572991
15,bien,ADV,4,0.237261252,,normal,,PRONOU,0.004197531,,PRONOU,0.003566334
16,cette,PRO,1,,0.004197531,normal,,PROPRO,0.261433368,,PROPRO,0.268426058
16,fille,NOU,2,0.003566334,0.024923632,normal,,PROPRP,0.028810896,,PROPRP,0.013076557
16,danse,VER,3,0.032714167,0.430972389,normal,,PROVER,0.766592613,,PROVER,0.656324299
16,ici,ADV,4,0.237261252,,normal,,PRPADJ,0.108244681,,PRPADJ,0.013558455
17,cette,PRO,1,,0.004197531,normal,,PRPADV,0.020288115,,PRPADV,0.021616782
17,fille,NOU,2,0.003566334,0.024923632,normal,,PRPDET,0.274689885,,PRPDET,0.294576618
17,voit,VER,3,0.032714167,0.430972389,normal,,PRPINT,0.038666121,,PRPINT,0.024174981
17,tout,ADV,4,0.237261252,,normal,,PRPCON,0.009439414,,PRPCON,0.006267588
18,leur,DET,1,,0.555390947,normal,,PRPNOU,0.228559671,,PRPNOU,0.39370683
18,fille,NOU,2,0.790606201,0.147968044,normal,,PRPPRO,0.04052333,,PRPPRO,0.089536966
18,les,PRO,3,0.231217078,0.766592613,normal,,PRPPRP,0.050811943,,PRPPRP,0.049629061
18,voit,VER,4,0.656324299,,normal,,PRPVER,0.058039433,,PRPVER,0.106932719
19,nos,DET,1,,0.555390947,normal,,VERADJ,0.241223404,,VERADJ,0.042561628
19,rois,NOU,2,0.790606201,0.024923632,normal,,VERADV,0.430972389,,VERADV,0.237261252
19,vont,VER,3,0.032714167,0.070952513,normal,,VERDET,0.346851145,,VERDET,0.192188223
19,rire,VER,4,0.067543454,,normal,,VERINT,0.194967267,,VERINT,0.062983279
20,tous,PRO,1,,0.766592613,normal,,VERCON,0.240416105,,VERCON,0.082479677
20,sont,VER,2,0.656324299,0.430972389,normal,,VERNOU,0.029218107,,VERNOU,0.040843302
20,mal,ADV,3,0.237261252,0.1484994,normal,,VERPRO,0.123769827,,VERPRO,0.141299319
20,ici,ADV,4,0.142873643,,normal,,VERPRP,0.26322682,,VERPRP,0.132839865
21,joue,NOU,1,,0.350969094,normal,,VERVER,0.070952513,,VERVER,0.067543454
21,avec,PRP,2,0.241105258,0.274689885,normal,,,,,,
21,une,DET,3,0.294576618,0.211702128,normal,,,,,,
21,amie,ADJ,4,0.082137899,,normal,,,,,,
22,cet,PRO,1,,0.004197531,normal,,,,,,
22,écran,NOU,2,0.003566334,0.350969094,normal,,,,,,
22,pour,PRP,3,0.241105258,0.04052333,normal,,,,,,
22,vous,PRO,4,0.089536966,,normal,,,,,,
23,les,DET,1,,0.555390947,normal,,,,,,
23,nains,NOU,2,0.790606201,0.024923632,normal,,,,,,
23,sont,VER,3,0.032714167,0.241223404,normal,,,,,,
23,vieux,ADJ,4,0.042561628,,normal,,,,,,
24,vos,DET,1,,0.555390947,normal,,,,,,
24,murs,NOU,2,0.790606201,0.024923632,normal,,,,,,
24,sont,VER,3,0.032714167,0.241223404,normal,,,,,,
24,épais,ADJ,4,0.042561628,,normal,,,,,,
25,il,PRO,1,,0.766592613,normal,,,,,,
25,mange,VER,2,0.656324299,0.26322682,normal,,,,,,
25,avec,PRP,3,0.132839865,0.04052333,normal,,,,,,
25,vous,PRO,4,0.089536966,,normal,,,,,,
26,qui,PRO,1,,0.766592613,normal,,,,,,
26,est,VER,2,0.656324299,0.26322682,normal,,,,,,
26,avec,PRP,3,0.132839865,0.04052333,normal,,,,,,
26,toi,PRO,4,0.089536966,,normal,,,,,,
27,son,DET,1,,0.555390947,normal,,,,,,
27,jeu,NOU,2,0.790606201,0.024923632,normal,,,,,,
27,est,VER,3,0.032714167,0.430972389,normal,,,,,,
27,cher,ADV,4,0.237261252,,normal,,,,,,
28,vivre,VER,1,,0.070952513,normal,,,,,,
28,est,VER,2,0.067543454,0.430972389,normal,,,,,,
28,cher,ADV,3,0.237261252,0.1484994,normal,,,,,,
28,ici,ADV,4,0.142873643,,normal,,,,,,
29,lavé,VER,1,,0.26322682,normal,,,,,,
29,dans,PRP,2,0.132839865,0.04052333,normal,,,,,,
29,ces,PRO,3,0.089536966,0.004197531,normal,,,,,,
29,bains,NOU,4,0.003566334,,normal,,,,,,
30,avec,PRP,1,,0.274689885,normal,,,,,,
30,votre,DET,2,0.294576618,0.555390947,normal,,,,,,
30,forme,NOU,3,0.790606201,0.202393617,normal,,,,,,
30,ronde,ADJ,4,0.050827095,,normal,,,,,,
31,pour,PRP,1,,0.04052333,normal,,,,,,
31,tous,PRO,2,0.089536966,0.016698473,normal,,,,,,
31,les,DET,3,0.008321446,0.555390947,normal,,,,,,
31,jeux,NOU,4,0.790606201,,normal,,,,,,
32,ton,DET,1,,0.555390947,normal,,,,,,
32,nez,NOU,2,0.790606201,0.024923632,normal,,,,,,
32,est,VER,3,0.032714167,0.241223404,normal,,,,,,
32,rose,ADJ,4,0.042561628,,normal,,,,,,
33,leur,DET,1,,0.555390947,normal,,,,,,
33,bébé,NOU,2,0.790606201,0.024923632,normal,,,,,,
33,est,VER,3,0.032714167,0.070952513,normal,,,,,,
33,parti,VER,4,0.067543454,,normal,,,,,,
34,être,VER,1,,0.26322682,normal,,,,,,
34,avec,PRP,2,0.132839865,0.274689885,normal,,,,,,
34,une,DET,3,0.294576618,0.555390947,normal,,,,,,
34,pomme,NOU,4,0.790606201,,normal,,,,,,
35,avec,PRP,1,,0.274689885,normal,,,,,,
35,une,DET,2,0.294576618,0.555390947,normal,,,,,,
35,femme,NOU,3,0.790606201,0.202393617,normal,,,,,,
35,mince,ADJ,4,0.050827095,,normal,,,,,,
36,cette,PRO,1,,0.004197531,normal,,,,,,
36,aile,NOU,2,0.003566334,0.024923632,normal,,,,,,
36,rompt,VER,3,0.032714167,0.430972389,normal,,,,,,
36,ici,ADV,4,0.237261252,,normal,,,,,,
37,mais,CON,1,,0.172860947,normal,,,,,,
37,cela,PRO,2,0.502608988,0.766592613,normal,,,,,,
37,est,VER,3,0.656324299,0.241223404,normal,,,,,,
37,vrai,ADJ,4,0.042561628,,normal,,,,,,
38,fumer,VER,1,,0.346851145,normal,,,,,,
38,une,DET,2,0.192188223,0.211702128,normal,,,,,,
38,seule,ADJ,3,0.082137899,0.056296296,normal,,,,,,
38,fois,NOU,4,0.414676259,,normal,,,,,,
39,elle,PRO,1,,0.766592613,normal,,,,,,
39,peut,VER,2,0.656324299,0.070952513,normal,,,,,,
39,être,VER,3,0.067543454,0.430972389,normal,,,,,,
39,ici,ADV,4,0.237261252,,normal,,,,,,
40,les,DET,1,,0.555390947,normal,,,,,,
40,pics,NOU,2,0.790606201,0.024923632,normal,,,,,,
40,sont,VER,3,0.032714167,0.241223404,normal,,,,,,
40,verts,ADJ,4,0.042561628,,normal,,,,,,
41,son,DET,1,,0.555390947,normal,,,,,,
41,toit,NOU,2,0.790606201,0.024923632,normal,,,,,,
41,est,VER,3,0.032714167,0.430972389,normal,,,,,,
41,bas,ADV,4,0.237261252,,normal,,,,,,
42,être,VER,1,,0.26322682,normal,,,,,,
42,dans,PRP,2,0.132839865,0.04052333,normal,,,,,,
42,cette,PRO,3,0.089536966,0.004197531,normal,,,,,,
42,ville,NOU,4,0.003566334,,normal,,,,,,
43,sur,PRP,1,,0.04052333,normal,,,,,,
43,ces,PRO,2,0.089536966,0.004787234,normal,,,,,,
43,hauts,ADJ,3,0.00053495,0.056296296,normal,,,,,,
43,toits,NOU,4,0.414676259,,normal,,,,,,
44,dans,PRP,1,,0.274689885,normal,,,,,,
44,leur,DET,2,0.294576618,0.555390947,normal,,,,,,
44,robe,NOU,3,0.790606201,0.202393617,normal,,,,,,
44,noire,ADJ,4,0.050827095,,normal,,,,,,
45,son,DET,1,,0.555390947,normal,,,,,,
45,gant,NOU,2,0.790606201,0.024923632,normal,,,,,,
45,est,VER,3,0.032714167,0.241223404,normal,,,,,,
45,grand,ADJ,4,0.042561628,,normal,,,,,,
46,papa,NOU,1,,0.024923632,normal,,,,,,
46,aime,VER,2,0.032714167,0.346851145,normal,,,,,,
46,les,DET,3,0.192188223,0.555390947,normal,,,,,,
46,vents,NOU,4,0.790606201,,normal,,,,,,
47,ils,PRO,1,,0.766592613,normal,,,,,,
47,sont,VER,2,0.656324299,0.26322682,normal,,,,,,
47,avec,PRP,3,0.132839865,0.04052333,normal,,,,,,
47,eux,PRO,4,0.089536966,,normal,,,,,,
48,allez,VER,1,,0.26322682,normal,,,,,,
48,avec,PRP,2,0.132839865,0.274689885,normal,,,,,,
48,mon,DET,3,0.294576618,0.555390947,normal,,,,,,
48,père,NOU,4,0.790606201,,normal,,,,,,
49,notre,DET,1,,0.555390947,normal,,,,,,
49,jupe,NOU,2,0.790606201,0.024923632,normal,,,,,,
49,est,VER,3,0.032714167,0.070952513,normal,,,,,,
49,chère,VER,4,0.067543454,,normal,,,,,,
50,ses,DET,1,,0.555390947,normal,,,,,,
50,fils,NOU,2,0.790606201,0.024923632,normal,,,,,,
50,font,VER,3,0.032714167,0.123769827,normal,,,,,,
50,tout,PRO,4,0.141299319,,normal,,,,,,
51,cette,PRO,1,,0.004197531,normal,,,,,,
51,forêt,NOU,2,0.003566334,0.024923632,normal,,,,,,
51,est,VER,3,0.032714167,0.241223404,normal,,,,,,
51,belle,ADJ,4,0.042561628,,normal,,,,,,
52,leur,DET,1,,0.555390947,normal,,,,,,
52,lampe,NOU,2,0.790606201,0.024923632,normal,,,,,,
52,est,VER,3,0.032714167,0.070952513,normal,,,,,,
52,posée,VER,4,0.067543454,,normal,,,,,,
53,cet,PRO,1,,0.004197531,normal,,,,,,
53,homme,NOU,2,0.003566334,0.024923632,normal,,,,,,
53,est,VER,3,0.032714167,0.029218107,normal,,,,,,
53,vivant,NOU,4,0.040843302,,normal,,,,,,
54,ils,PRO,1,,0.766592613,normal,,,,,,
54,rient,VER,2,0.656324299,0.26322682,normal,,,,,,
54,avec,PRP,3,0.132839865,0.04052333,normal,,,,,,
54,lui,PRO,4,0.089536966,,normal,,,,,,
55,ses,DET,1,,0.555390947,normal,,,,,,
55,faons,NOU,2,0.790606201,0.024923632,normal,,,,,,
55,sont,VER,3,0.032714167,0.029218107,normal,,,,,,
55,plats,NOU,4,0.040843302,,normal,,,,,,
56,notre,DET,1,,0.555390947,normal,,,,,,
56,jour,NOU,2,0.790606201,0.024923632,normal,,,,,,
56,est,VER,3,0.032714167,0.430972389,normal,,,,,,
56,bien,ADV,4,0.237261252,,normal,,,,,,
57,elle,PRO,1,,0.766592613,normal,,,,,,
57,prend,VER,2,0.656324299,0.346851145,normal,,,,,,
57,mon,DET,3,0.192188223,0.555390947,normal,,,,,,
57,stylo,NOU,4,0.790606201,,normal,,,,,,
58,elle,PRO,1,,0.766592613,normal,,,,,,
58,dort,VER,2,0.656324299,0.430972389,normal,,,,,,
58,très,ADV,3,0.237261252,0.1484994,normal,,,,,,
58,bien,ADV,4,0.142873643,,normal,,,,,,
59,leur,DET,1,,0.555390947,normal,,,,,,
59,lime,NOU,2,0.790606201,0.024923632,normal,,,,,,
59,est,VER,3,0.032714167,0.241223404,normal,,,,,,
59,belle,ADJ,4,0.042561628,,normal,,,,,,
60,il,PRO,1,,0.766592613,normal,,,,,,
60,dort,VER,2,0.656324299,0.430972389,normal,,,,,,
60,très,ADV,3,0.237261252,0.1484994,normal,,,,,,
60,fort,ADV,4,0.142873643,,normal,,,,,,
61,son,DET,1,,0.555390947,normal,,,,,,
61,frère,NOU,2,0.790606201,0.024923632,normal,,,,,,
61,est,VER,3,0.032714167,0.430972389,normal,,,,,,
61,ici,ADV,4,0.237261252,,normal,,,,,,
62,notre,DET,1,,0.555390947,normal,,,,,,
62,soeur,NOU,2,0.790606201,0.024923632,normal,,,,,,
62,est,VER,3,0.032714167,0.070952513,normal,,,,,,
62,levée,VER,4,0.067543454,,normal,,,,,,
63,ces,PRO,1,,0.004197531,normal,,,,,,
63,gens,NOU,2,0.003566334,0.024923632,normal,,,,,,
63,vont,VER,3,0.032714167,0.430972389,normal,,,,,,
63,vite,ADV,4,0.237261252,,normal,,,,,,
64,cette,PRO,1,,0.004197531,normal,,,,,,
64,poire,NOU,2,0.003566334,0.024923632,normal,,,,,,
64,est,VER,3,0.032714167,0.241223404,normal,,,,,,
64,bonne,ADJ,4,0.042561628,,normal,,,,,,
65,elle,PRO,1,,0.766592613,normal,,,,,,
65,rêve,VER,2,0.656324299,0.26322682,normal,,,,,,
65,avec,PRP,3,0.132839865,0.04052333,normal,,,,,,
65,lui,PRO,4,0.089536966,,normal,,,,,,
66,elle,PRO,1,,0.261433368,normal,,,,,,
66,leur,PRO,2,0.268426058,0.766592613,normal,,,,,,
66,avait,VER,3,0.656324299,0.070952513,normal,,,,,,
66,dit,VER,4,0.067543454,,normal,,,,,,
67,dis,VER,1,,0.123769827,normal,,,,,,
67,lui,PRO,2,0.141299319,0.028810896,normal,,,,,,
67,sans,PRP,3,0.013076557,0.020288115,normal,,,,,,
67,vice,ADV,4,0.021616782,,normal,,,,,,
68,range,VER,1,,0.430972389,normal,,,,,,
68,bien,ADV,2,0.237261252,0.098520992,normal,,,,,,
68,ton,DET,3,0.095403095,0.555390947,normal,,,,,,
68,sac,NOU,4,0.790606201,,normal,,,,,,
69,il,PRO,1,,0.766592613,normal,,,,,,
69,jette,VER,2,0.656324299,0.26322682,normal,,,,,,
69,du,PRP,3,0.132839865,0.228559671,normal,,,,,,
69,sel,NOU,4,0.39370683,,normal,,,,,,
70,très,ADV,1,,0.1484994,normal,,,,,,
70,peu,ADV,2,0.142873643,0.156888423,normal,,,,,,
70,sans,PRP,3,0.138369138,0.228559671,normal,,,,,,
70,poivre,NOU,4,0.39370683,,normal,,,,,,
71,elle,PRO,1,,0.766592613,normal,,,,,,
71,mange,VER,2,0.656324299,0.26322682,normal,,,,,,
71,sans,PRP,3,0.132839865,0.228559671,normal,,,,,,
71,pain,NOU,4,0.39370683,,normal,,,,,,
72,des,PRP,1,,0.228559671,normal,,,,,,
72,poils,NOU,2,0.39370683,0.350969094,normal,,,,,,
72,aux,PRP,3,0.241105258,0.228559671,normal,,,,,,
72,mains,NOU,4,0.39370683,,normal,,,,,,
73,bois,VER,1,,0.430972389,normal,,,,,,
73,vite,ADV,2,0.237261252,0.098520992,normal,,,,,,
73,son,DET,3,0.095403095,0.555390947,normal,,,,,,
73,vin,NOU,4,0.790606201,,normal,,,,,,
74,quand,CON,1,,0.172860947,normal,,,,,,
74,il,PRO,2,0.502608988,0.766592613,normal,,,,,,
74,fait,VER,3,0.656324299,0.241223404,normal,,,,,,
74,froid,ADJ,4,0.042561628,,normal,,,,,,
75,ces,PRO,1,,0.004197531,normal,,,,,,
75,jours,NOU,2,0.003566334,0.024923632,normal,,,,,,
75,sont,VER,3,0.032714167,0.241223404,normal,,,,,,
75,longs,ADJ,4,0.042561628,,normal,,,,,,
76,prend,VER,1,,0.346851145,normal,,,,,,
76,ton,DET,2,0.192188223,0.555390947,normal,,,,,,
76,stylo,NOU,3,0.790606201,0.202393617,normal,,,,,,
76,bleu,ADJ,4,0.050827095,,normal,,,,,,
77,une,DET,1,,0.555390947,normal,,,,,,
77,pelle,NOU,2,0.790606201,0.154021609,normal,,,,,,
77,très,ADV,3,0.115516126,0.161170213,normal,,,,,,
77,utile,ADJ,4,0.062832063,,normal,,,,,,
78,belle,ADJ,1,,0.056296296,normal,,,,,,
78,femme,NOU,2,0.414676259,0.147968044,normal,,,,,,
78,qui,PRO,3,0.231217078,0.766592613,normal,,,,,,
78,parla,VER,4,0.656324299,,normal,,,,,,
79,voir,VER,1,,0.346851145,normal,,,,,,
79,mon,DET,2,0.192188223,0.211702128,normal,,,,,,
79,petit,ADJ,3,0.082137899,0.056296296,normal,,,,,,
79,frère,NOU,4,0.414676259,,normal,,,,,,
80,dans,PRP,1,,0.274689885,normal,,,,,,
80,notre,DET,2,0.294576618,0.555390947,normal,,,,,,
80,mer,NOU,3,0.790606201,0.024923632,normal,,,,,,
80,calme,VER,4,0.032714167,,normal,,,,,,
81,leur,DET,1,,0.555390947,normal,,,,,,
81,mur,NOU,2,0.790606201,0.024923632,normal,,,,,,
81,est,VER,3,0.032714167,0.241223404,normal,,,,,,
81,triste,ADJ,4,0.042561628,,normal,,,,,,
82,cette,PRO,1,,0.004197531,normal,,,,,,
82,date,NOU,2,0.003566334,0.024923632,normal,,,,,,
82,est,VER,3,0.032714167,0.029218107,normal,,,,,,
82,prise,NOU,4,0.040843302,,normal,,,,,,
83,elle,PRO,1,,0.766592613,normal,,,,,,
83,dina,VER,2,0.656324299,0.26322682,normal,,,,,,
83,chez,PRP,3,0.132839865,0.04052333,normal,,,,,,
83,lui,PRO,4,0.089536966,,normal,,,,,,
84,pour,PRP,1,,0.058039433,normal,,,,,,
84,dire,VER,2,0.106932719,0.346851145,normal,,,,,,
84,une,DET,3,0.192188223,0.555390947,normal,,,,,,
84,chose,NOU,4,0.790606201,,normal,,,,,,
85,ces,PRO,1,,0.004197531,normal,,,,,,
85,bouts,NOU,2,0.003566334,0.024923632,normal,,,,,,
85,sont,VER,3,0.032714167,0.070952513,normal,,,,,,
85,cuits,VER,4,0.067543454,,normal,,,,,,
86,notre,DET,1,,0.555390947,normal,,,,,,
86,club,NOU,2,0.790606201,0.024923632,normal,,,,,,
86,est,VER,3,0.032714167,0.070952513,normal,,,,,,
86,fermé,VER,4,0.067543454,,normal,,,,,,
87,elle,PRO,1,,0.766592613,normal,,,,,,
87,mange,VER,2,0.656324299,0.26322682,normal,,,,,,
87,des,PRP,3,0.132839865,0.228559671,normal,,,,,,
87,cèpes,NOU,4,0.39370683,,normal,,,,,,
88,gros,ADJ,1,,0.056296296,normal,,,,,,
88,choc,NOU,2,0.414676259,0.154021609,normal,,,,,,
88,hier,ADV,3,0.115516126,0.014567901,normal,,,,,,
88,soir,NOU,4,0.027604528,,normal,,,,,,
89,une,DET,1,,0.211702128,normal,,,,,,
89,belle,ADJ,2,0.082137899,0.056296296,normal,,,,,,
89,lèvre,NOU,3,0.414676259,0.202393617,normal,,,,,,
89,béate,ADJ,4,0.050827095,,normal,,,,,,
90,son,DET,1,,0.555390947,normal,,,,,,
90,avis,NOU,2,0.790606201,0.024923632,normal,,,,,,
90,est,VER,3,0.032714167,0.241223404,normal,,,,,,
90,utile,ADJ,4,0.042561628,,normal,,,,,,
91,elle,PRO,1,,0.766592613,normal,,,,,,
91,arma,VER,2,0.656324299,0.346851145,normal,,,,,,
91,son,DET,3,0.192188223,0.555390947,normal,,,,,,
91,canon,NOU,4,0.790606201,,normal,,,,,,
92,gros,ADJ,1,,0.056296296,normal,,,,,,
92,bobo,NOU,2,0.414676259,0.350969094,normal,,,,,,
92,aux,PRP,3,0.241105258,0.228559671,normal,,,,,,
92,pieds,NOU,4,0.39370683,,normal,,,,,,
93,notre,DET,1,,0.555390947,normal,,,,,,
93,ange,NOU,2,0.790606201,0.024923632,normal,,,,,,
93,est,VER,3,0.032714167,0.070952513,normal,,,,,,
93,passé,VER,4,0.067543454,,normal,,,,,,
94,cet,PRO,1,,0.004197531,normal,,,,,,
94,anus,NOU,2,0.003566334,0.024923632,normal,,,,,,
94,est,VER,3,0.032714167,0.070952513,normal,,,,,,
94,lavé,VER,4,0.067543454,,normal,,,,,,
95,comme,ADV,1,,0.122148894,normal,,,,,,
95,cette,PRO,2,0.243705244,0.004197531,normal,,,,,,
95,pomme,NOU,3,0.003566334,0.202393617,normal,,,,,,
95,amère,ADJ,4,0.050827095,,normal,,,,,,
96,son,DET,1,,0.211702128,normal,,,,,,
96,amie,ADJ,2,0.082137899,0.056296296,normal,,,,,,
96,danse,NOU,3,0.414676259,0.154021609,normal,,,,,,
96,bien,ADV,4,0.115516126,,normal,,,,,,
97,tu,PRO,1,,0.766592613,normal,,,,,,
97,aimes,VER,2,0.656324299,0.430972389,normal,,,,,,
97,bien,ADV,3,0.237261252,0.06095529,normal,,,,,,
97,vivre,VER,4,0.101409101,,normal,,,,,,
98,ils,PRO,1,,0.261433368,normal,,,,,,
98,vous,PRO,2,0.268426058,0.766592613,normal,,,,,,
98,ont,VER,3,0.656324299,0.070952513,normal,,,,,,
98,dit,VER,4,0.067543454,,normal,,,,,,
99,nous,PRO,1,,0.766592613,normal,,,,,,
99,fûmes,VER,2,0.656324299,0.241223404,normal,,,,,,
99,bons,ADJ,3,0.042561628,0.056296296,normal,,,,,,
99,amis,NOU,4,0.414676259,,normal,,,,,,
100,elle,PRO,1,,0.766592613,normal,,,,,,
100,aima,VER,2,0.656324299,0.346851145,normal,,,,,,
100,son,DET,3,0.192188223,0.555390947,normal,,,,,,
100,amant,NOU,4,0.790606201,,normal,,,,,,
101,elle,PRO,1,,0.766592613,normal,,,,,,
101,crève,VER,2,0.656324299,0.123769827,normal,,,,,,
101,cet,PRO,3,0.141299319,0.004197531,normal,,,,,,
101,abcès,NOU,4,0.003566334,,normal,,,,,,
102,tout,ADV,1,,0.122148894,normal,,,,,,
102,ces,PRO,2,0.243705244,0.004787234,normal,,,,,,
102,jolis,ADJ,3,0.00053495,0.001457928,normal,,,,,,
102,abats,VER,4,0.007482014,,normal,,,,,,
103,bien,ADV,1,,0.156888423,normal,,,,,,
103,dans,PRP,2,0.138369138,0.274689885,normal,,,,,,
103,son,DET,3,0.294576618,0.555390947,normal,,,,,,
103,abri,NOU,4,0.790606201,,normal,,,,,,
104,son,DET,1,,0.555390947,normal,,,,,,
104,rêve,NOU,2,0.790606201,0.024923632,normal,,,,,,
104,fut,VER,3,0.032714167,0.241223404,normal,,,,,,
104,beau,ADJ,4,0.042561628,,normal,,,,,,
105,cette,PRO,1,,0.004197531,normal,,,,,,
105,fille,NOU,2,0.003566334,0.147968044,normal,,,,,,
105,nous,PRO,3,0.231217078,0.766592613,normal,,,,,,
105,amuse,VER,4,0.656324299,,normal,,,,,,
106,cet,PRO,1,,0.004197531,normal,,,,,,
106,aigle,NOU,2,0.003566334,0.024923632,normal,,,,,,
106,mange,VER,3,0.032714167,0.430972389,normal,,,,,,
106,bien,ADV,4,0.237261252,,normal,,,,,,
107,elle,PRO,1,,0.766592613,normal,,,,,,
107,force,VER,2,0.656324299,0.346851145,normal,,,,,,
107,ses,DET,3,0.192188223,0.555390947,normal,,,,,,
107,abdos,NOU,4,0.790606201,,normal,,,,,,
108,taper,VER,1,,0.26322682,normal,,,,,,
108,sur,PRP,2,0.132839865,0.04052333,normal,,,,,,
108,cette,PRO,3,0.089536966,0.004197531,normal,,,,,,
108,paroi,NOU,4,0.003566334,,normal,,,,,,
109,une,DET,1,,0.555390947,normal,,,,,,
109,algue,NOU,2,0.790606201,0.024923632,normal,,,,,,
109,est,VER,3,0.032714167,0.070952513,normal,,,,,,
109,posée,VER,4,0.067543454,,normal,,,,,,
110,ce,PRO,1,,0.004787234,normal,,,,,,
110,grand,ADJ,2,0.00053495,0.056296296,normal,,,,,,
110,amphi,NOU,3,0.414676259,0.202393617,normal,,,,,,
110,plein,ADJ,4,0.050827095,,normal,,,,,,
111,elle,PRO,1,,0.766592613,normal,,,,,,
111,pense,VER,2,0.656324299,0.430972389,normal,,,,,,
111,bien,ADV,3,0.237261252,0.06095529,normal,,,,,,
111,laver,VER,4,0.101409101,,normal,,,,,,
112,elle,PRO,1,,0.766592613,normal,,,,,,
112,passe,VER,2,0.656324299,0.241223404,normal,,,,,,
112,deux,ADJ,3,0.042561628,0.056296296,normal,,,,,,
112,fois,NOU,4,0.414676259,,normal,,,,,,
113,cela,PRO,1,,0.766592613,normal,,,,,,
113,reste,VER,2,0.656324299,0.430972389,normal,,,,,,
113,ici,ADV,3,0.237261252,0.1484994,normal,,,,,,
113,alors,ADV,4,0.142873643,,normal,,,,,,
114,ces,PRO,1,,0.004197531,normal,,,,,,
114,bébés,NOU,2,0.003566334,0.024923632,normal,,,,,,
114,vont,VER,3,0.032714167,0.241223404,normal,,,,,,
114,beaux,ADJ,4,0.042561628,,normal,,,,,,
115,ils,PRO,1,,0.766592613,normal,,,,,,
115,sont,VER,2,0.656324299,0.123769827,normal,,,,,,
115,tous,PRO,3,0.141299319,0.766592613,normal,,,,,,
115,virés,VER,4,0.656324299,,normal,,,,,,
116,calme,ADJ,1,,0.022519393,normal,,,,,,
116,ces,PRO,2,0.127482014,0.004787234,normal,,,,,,
116,bons,ADJ,3,0.00053495,0.056296296,normal,,,,,,
116,lions,NOU,4,0.414676259,,normal,,,,,,
117,elle,PRO,1,,0.766592613,normal,,,,,,
117,rata,VER,2,0.656324299,0.123769827,normal,,,,,,
117,cette,PRO,3,0.141299319,0.004197531,normal,,,,,,
117,cible,NOU,4,0.003566334,,normal,,,,,,
118,elle,PRO,1,,0.766592613,normal,,,,,,
118,fit,VER,2,0.656324299,0.346851145,normal,,,,,,
118,son,DET,3,0.192188223,0.555390947,normal,,,,,,
118,choix,NOU,4,0.790606201,,normal,,,,,,
119,son,DET,1,,0.555390947,normal,,,,,,
119,croc,NOU,2,0.790606201,0.024923632,normal,,,,,,
119,tombe,VER,3,0.032714167,0.430972389,normal,,,,,,
119,ici,ADV,4,0.237261252,,normal,,,,,,
120,son,DET,1,,0.555390947,normal,,,,,,
120,bras,NOU,2,0.790606201,0.024923632,normal,,,,,,
120,avait,VER,3,0.032714167,0.070952513,normal,,,,,,
120,durci,VER,4,0.067543454,,normal,,,,,,
121,elle,PRO,1,,0.766592613,normal,,,,,,
121,est,VER,2,0.656324299,0.430972389,normal,,,,,,
121,très,ADV,3,0.237261252,0.06095529,normal,,,,,,
121,douée,VER,4,0.101409101,,normal,,,,,,
122,cette,PRO,1,,0.004197531,normal,,,,,,
122,épine,NOU,2,0.003566334,0.024923632,normal,,,,,,
122,sera,VER,3,0.032714167,0.070952513,normal,,,,,,
122,dure,VER,4,0.067543454,,normal,,,,,,
123,votre,DET,1,,0.555390947,normal,,,,,,
123,livre,NOU,2,0.790606201,0.154021609,normal,,,,,,
123,assez,ADV,3,0.115516126,0.161170213,normal,,,,,,
123,épais,ADJ,4,0.062832063,,normal,,,,,,
124,tuer,VER,1,,0.123769827,normal,,,,,,
124,cette,PRO,2,0.141299319,0.004197531,normal,,,,,,
124,taupe,NOU,3,0.003566334,0.202393617,normal,,,,,,
124,noire,ADJ,4,0.050827095,,normal,,,,,,
125,elle,PRO,1,,0.766592613,normal,,,,,,
125,mange,VER,2,0.656324299,0.26322682,normal,,,,,,
125,sans,PRP,3,0.132839865,0.228559671,normal,,,,,,
125,honte,NOU,4,0.39370683,,normal,,,,,,
126,elle,PRO,1,,0.766592613,normal,,,,,,
126,paye,VER,2,0.656324299,0.346851145,normal,,,,,,
126,son,DET,3,0.192188223,0.555390947,normal,,,,,,
126,impôt,NOU,4,0.790606201,,normal,,,,,,
127,buter,VER,1,,0.26322682,normal,,,,,,
127,sur,PRP,2,0.132839865,0.050811943,normal,,,,,,
127,des,PRP,3,0.049629061,0.228559671,normal,,,,,,
127,mots,NOU,4,0.39370683,,normal,,,,,,
128,ils,PRO,1,,0.766592613,normal,,,,,,
128,sont,VER,2,0.656324299,0.430972389,normal,,,,,,
128,trop,ADV,3,0.237261252,0.161170213,normal,,,,,,
128,laids,ADJ,4,0.062832063,,normal,,,,,,
129,verse,VER,1,,0.346851145,normal,,,,,,
129,ton,DET,2,0.192188223,0.555390947,normal,,,,,,
129,repas,NOU,3,0.790606201,0.202393617,normal,,,,,,
129,chaud,ADJ,4,0.050827095,,normal,,,,,,
130,cette,PRO,1,,0.004197531,normal,,,,,,
130,liste,NOU,2,0.003566334,0.024923632,normal,,,,,,
130,était,VER,3,0.032714167,0.241223404,normal,,,,,,
130,vide,ADJ,4,0.042561628,,normal,,,,,,
131,une,DET,1,,0.555390947,normal,,,,,,
131,forme,NOU,2,0.790606201,0.154021609,normal,,,,,,
131,très,ADV,3,0.115516126,0.1484994,normal,,,,,,
131,large,ADV,4,0.142873643,,normal,,,,,,
132,votre,DET,1,,0.555390947,normal,,,,,,
132,lapin,NOU,2,0.790606201,0.154021609,normal,,,,,,
132,pas,ADV,3,0.115516126,0.06095529,normal,,,,,,
132,lavé,VER,4,0.101409101,,normal,,,,,,
133,tes,DET,1,,0.555390947,normal,,,,,,
133,kiwis,NOU,2,0.790606201,0.024923632,normal,,,,,,
133,sont,VER,3,0.032714167,0.241223404,normal,,,,,,
133,bons,ADJ,4,0.042561628,,normal,,,,,,
134,leur,DET,1,,0.555390947,normal,,,,,,
134,lotus,NOU,2,0.790606201,0.024923632,normal,,,,,,
134,nage,VER,3,0.032714167,0.430972389,normal,,,,,,
134,ici,ADV,4,0.237261252,,normal,,,,,,
135,ils,PRO,1,,0.766592613,normal,,,,,,
135,sont,VER,2,0.656324299,0.26322682,normal,,,,,,
135,avant,PRP,3,0.132839865,0.04052333,normal,,,,,,
135,toi,PRO,4,0.089536966,,normal,,,,,,
136,cette,PRO,1,,0.004197531,normal,,,,,,
136,herbe,NOU,2,0.003566334,0.024923632,normal,,,,,,
136,était,VER,3,0.032714167,0.241223404,normal,,,,,,
136,molle,ADJ,4,0.042561628,,normal,,,,,,
137,ces,PRO,1,,0.004197531,normal,,,,,,
137,gens,NOU,2,0.003566334,0.024923632,normal,,,,,,
137,vont,VER,3,0.032714167,0.430972389,normal,,,,,,
137,loin,ADV,4,0.237261252,,normal,,,,,,
138,cet,PRO,1,,0.004197531,normal,,,,,,
138,orage,NOU,2,0.003566334,0.350969094,normal,,,,,,
138,avec,PRP,3,0.241105258,0.04052333,normal,,,,,,
138,toi,PRO,4,0.089536966,,normal,,,,,,
139,elle,PRO,1,,0.766592613,normal,,,,,,
139,veut,VER,2,0.656324299,0.26322682,normal,,,,,,
139,des,PRP,3,0.132839865,0.228559671,normal,,,,,,
139,parts,NOU,4,0.39370683,,normal,,,,,,
140,une,DET,1,,0.555390947,normal,,,,,,
140,quête,NOU,2,0.790606201,0.350969094,normal,,,,,,
140,pour,PRP,3,0.241105258,0.058039433,normal,,,,,,
140,vivre,VER,4,0.106932719,,normal,,,,,,
141,elle,PRO,1,,0.766592613,normal,,,,,,
141,range,VER,2,0.656324299,0.346851145,normal,,,,,,
141,son,DET,3,0.192188223,0.555390947,normal,,,,,,
141,sucre,NOU,4,0.790606201,,normal,,,,,,
142,leur,PRO,1,,0.766592613,normal,,,,,,
142,règle,VER,2,0.656324299,0.070952513,normal,,,,,,
142,fait,VER,3,0.067543454,0.430972389,normal,,,,,,
142,mal,ADV,4,0.237261252,,normal,,,,,,
143,votre,DET,1,,0.555390947,normal,,,,,,
143,robot,NOU,2,0.790606201,0.024923632,normal,,,,,,
143,vole,VER,3,0.032714167,0.430972389,normal,,,,,,
143,tout,ADV,4,0.237261252,,normal,,,,,,
144,vous,PRO,1,,0.766592613,normal,,,,,,
144,lisez,VER,2,0.656324299,0.346851145,normal,,,,,,
144,votre,DET,3,0.192188223,0.555390947,normal,,,,,,
144,conte,NOU,4,0.790606201,,normal,,,,,,
145,pas,ADV,1,,0.156888423,normal,,,,,,
145,sans,PRP,2,0.138369138,0.04052333,normal,,,,,,
145,vous,PRO,3,0.089536966,0.766592613,normal,,,,,,
145,voir,VER,4,0.656324299,,normal,,,,,,
146,elle,PRO,1,,0.766592613,normal,,,,,,
146,sauta,VER,2,0.656324299,0.26322682,normal,,,,,,
146,avec,PRP,3,0.132839865,0.04052333,normal,,,,,,
146,lui,PRO,4,0.089536966,,normal,,,,,,
147,assi,VER,1,,0.26322682,normal,,,,,,
147,sur,PRP,2,0.132839865,0.274689885,normal,,,,,,
147,mon,DET,3,0.294576618,0.555390947,normal,,,,,,
147,siège,NOU,4,0.790606201,,normal,,,,,,
148,leur,DET,1,,0.555390947,normal,,,,,,
148,jus,NOU,2,0.790606201,0.202393617,normal,,,,,,
148,jaune,ADJ,3,0.050827095,0.001457928,normal,,,,,,
148,tombe,VER,4,0.007482014,,normal,,,,,,
149,leur,DET,1,,0.555390947,normal,,,,,,
149,fils,NOU,2,0.790606201,0.024923632,normal,,,,,,
149,est,VER,3,0.032714167,0.070952513,normal,,,,,,
149,brave,VER,4,0.067543454,,normal,,,,,,
150,son,DET,1,,0.555390947,normal,,,,,,
150,trone,NOU,2,0.790606201,0.024923632,normal,,,,,,
150,sera,VER,3,0.032714167,0.430972389,normal,,,,,,
150,loin,ADV,4,0.237261252,,normal,,,,,,
151,quand,CON,1,,0.172860947,normal,,,,,,
151,ils,PRO,2,0.502608988,0.766592613,normal,,,,,,
151,sont,VER,3,0.656324299,0.241223404,normal,,,,,,
151,verts,ADJ,4,0.042561628,,normal,,,,,,
152,elle,PRO,1,,0.766592613,normal,,,,,,
152,pense,VER,2,0.656324299,0.240416105,normal,,,,,,
152,que,CON,3,0.082479677,0.172860947,normal,,,,,,
152,cela,PRO,4,0.502608988,,normal,,,,,,
153,le,DET,1,,0.555390947,normal,,,,,,
153,trou,NOU,2,0.790606201,0.024923632,normal,,,,,,
153,était,VER,3,0.032714167,0.070952513,normal,,,,,,
153,béant,VER,4,0.067543454,,normal,,,,,,
154,elle,PRO,1,,0.766592613,normal,,,,,,
154,est,VER,2,0.656324299,0.430972389,normal,,,,,,
154,très,ADV,3,0.237261252,0.161170213,normal,,,,,,
154,calme,ADJ,4,0.062832063,,normal,,,,,,
155,ils,PRO,1,,0.766592613,normal,,,,,,
155,ont,VER,2,0.656324299,0.070952513,normal,,,,,,
155,fait,VER,3,0.067543454,0.123769827,normal,,,,,,
155,cela,PRO,4,0.141299319,,normal,,,,,,
156,ils,PRO,1,,0.766592613,normal,,,,,,
156,ont,VER,2,0.656324299,0.26322682,normal,,,,,,
156,des,PRP,3,0.132839865,0.228559671,normal,,,,,,
156,gants,NOU,4,0.39370683,,normal,,,,,,
157,elle,PRO,1,,0.766592613,normal,,,,,,
157,aime,VER,2,0.656324299,0.346851145,normal,,,,,,
157,les,DET,3,0.192188223,0.555390947,normal,,,,,,
157,pieds,NOU,4,0.790606201,,normal,,,,,,
158,lire,VER,1,,0.123769827,normal,,,,,,
158,tous,PRO,2,0.141299319,0.016698473,normal,,,,,,
158,les,DET,3,0.008321446,0.555390947,normal,,,,,,
158,mots,NOU,4,0.790606201,,normal,,,,,,
159,vous,PRO,1,,0.766592613,normal,,,,,,
159,êtes,VER,2,0.656324299,0.430972389,normal,,,,,,
159,très,ADV,3,0.237261252,0.161170213,normal,,,,,,
159,grand,ADJ,4,0.062832063,,normal,,,,,,
160,son,DET,1,,0.555390947,normal,,,,,,
160,pain,NOU,2,0.790606201,0.024923632,normal,,,,,,
160,est,VER,3,0.032714167,0.430972389,normal,,,,,,
160,bon,ADV,4,0.237261252,,normal,,,,,,
161,ils,PRO,1,,0.766592613,normal,,,,,,
161,ont,VER,2,0.656324299,0.26322682,normal,,,,,,
161,des,PRP,3,0.132839865,0.228559671,normal,,,,,,
161,cours,NOU,4,0.39370683,,normal,,,,,,
162,nous,PRO,1,,0.766592613,normal,,,,,,
162,osons,VER,2,0.656324299,0.070952513,normal,,,,,,
162,être,VER,3,0.067543454,0.430972389,normal,,,,,,
162,loin,ADV,4,0.237261252,,normal,,,,,,
163,nous,PRO,1,,0.766592613,normal,,,,,,
163,avons,VER,2,0.656324299,0.26322682,normal,,,,,,
163,des,PRP,3,0.132839865,0.228559671,normal,,,,,,
163,rêves,NOU,4,0.39370683,,normal,,,,,,
164,vous,PRO,1,,0.766592613,normal,,,,,,
164,êtes,VER,2,0.656324299,0.26322682,normal,,,,,,
164,avec,PRP,3,0.132839865,0.04052333,normal,,,,,,
164,nous,PRO,4,0.089536966,,normal,,,,,,
165,porte,VER,1,,0.26322682,normal,,,,,,
165,avec,PRP,2,0.132839865,0.274689885,normal,,,,,,
165,une,DET,3,0.294576618,0.555390947,normal,,,,,,
165,main,NOU,4,0.790606201,,normal,,,,,,
166,elle,PRO,1,,0.766592613,normal,,,,,,
166,avait,VER,2,0.656324299,0.346851145,normal,,,,,,
166,son,DET,3,0.192188223,0.555390947,normal,,,,,,
166,stylo,NOU,4,0.790606201,,normal,,,,,,
167,nous,PRO,1,,0.766592613,normal,,,,,,
167,avons,VER,2,0.656324299,0.346851145,normal,,,,,,
167,une,DET,3,0.192188223,0.555390947,normal,,,,,,
167,barbe,NOU,4,0.790606201,,normal,,,,,,
168,ils,PRO,1,,0.766592613,normal,,,,,,
168,ont,VER,2,0.656324299,0.346851145,normal,,,,,,
168,une,DET,3,0.192188223,0.555390947,normal,,,,,,
168,tasse,NOU,4,0.790606201,,normal,,,,,,
169,cet,PRO,1,,0.004197531,normal,,,,,,
169,oeuf,NOU,2,0.003566334,0.024923632,normal,,,,,,
169,est,VER,3,0.032714167,0.241223404,normal,,,,,,
169,dur,ADJ,4,0.042561628,,normal,,,,,,
170,fais,VER,1,,0.123769827,normal,,,,,,
170,moi,PRO,2,0.141299319,0.016698473,normal,,,,,,
170,une,DET,3,0.008321446,0.555390947,normal,,,,,,
170,place,NOU,4,0.790606201,,normal,,,,,,
171,donne,VER,1,,0.123769827,normal,,,,,,
171,nous,PRO,2,0.141299319,0.261433368,normal,,,,,,
171,ces,PRO,3,0.268426058,0.004197531,normal,,,,,,
171,vélos,NOU,4,0.003566334,,normal,,,,,,
172,les,DET,1,,0.555390947,normal,,,,,,
172,ours,NOU,2,0.790606201,0.024923632,normal,,,,,,
172,vont,VER,3,0.032714167,0.070952513,normal,,,,,,
172,rire,VER,4,0.067543454,,normal,,,,,,
173,ces,PRO,1,,0.004197531,normal,,,,,,
173,gars,NOU,2,0.003566334,0.024923632,normal,,,,,,
173,vont,VER,3,0.032714167,0.070952513,normal,,,,,,
173,rêver,VER,4,0.067543454,,normal,,,,,,
174,ses,DET,1,,0.555390947,normal,,,,,,
174,pieds,NOU,2,0.790606201,0.024923632,normal,,,,,,
174,sont,VER,3,0.032714167,0.241223404,normal,,,,,,
174,secs,ADJ,4,0.042561628,,normal,,,,,,
175,son,DET,1,,0.555390947,normal,,,,,,
175,mur,NOU,2,0.790606201,0.024923632,normal,,,,,,
175,était,VER,3,0.032714167,0.241223404,normal,,,,,,
175,sec,ADJ,4,0.042561628,,normal,,,,,,
176,leur,DET,1,,0.555390947,normal,,,,,,
176,paroi,NOU,2,0.790606201,0.024923632,normal,,,,,,
176,est,VER,3,0.032714167,0.070952513,normal,,,,,,
176,sale,VER,4,0.067543454,,normal,,,,,,
177,partir,VER,1,,0.26322682,normal,,,,,,
177,avec,PRP,2,0.132839865,0.108244681,normal,,,,,,
177,deux,ADJ,3,0.013558455,0.056296296,normal,,,,,,
177,bus,NOU,4,0.414676259,,normal,,,,,,
178,vous,PRO,1,,0.766592613,normal,,,,,,
178,serez,VER,2,0.656324299,0.430972389,normal,,,,,,
178,très,ADV,3,0.237261252,0.161170213,normal,,,,,,
178,fous,ADJ,4,0.062832063,,normal,,,,,,
179,ces,PRO,1,,0.004197531,normal,,,,,,
179,loups,NOU,2,0.003566334,0.024923632,normal,,,,,,
179,sont,VER,3,0.032714167,0.070952513,normal,,,,,,
179,fous,VER,4,0.067543454,,normal,,,,,,
180,elles,PRO,1,,0.766592613,normal,,,,,,
180,ont,VER,2,0.656324299,0.26322682,normal,,,,,,
180,des,PRP,3,0.132839865,0.228559671,normal,,,,,,
180,jeux,NOU,4,0.39370683,,normal,,,,,,
181,avec,PRP,1,,0.04052333,normal,,,,,,
181,tous,PRO,2,0.089536966,0.016698473,normal,,,,,,
181,les,DET,3,0.008321446,0.555390947,normal,,,,,,
181,porcs,NOU,4,0.790606201,,normal,,,,,,
182,son,DET,1,,0.555390947,normal,,,,,,
182,père,NOU,2,0.790606201,0.024923632,normal,,,,,,
182,était,VER,3,0.032714167,0.241223404,normal,,,,,,
182,jeune,ADJ,4,0.042561628,,normal,,,,,,
183,les,DET,1,,0.555390947,normal,,,,,,
183,sacs,NOU,2,0.790606201,0.024923632,normal,,,,,,
183,vont,VER,3,0.032714167,0.430972389,normal,,,,,,
183,ici,ADV,4,0.237261252,,normal,,,,,,
184,elle,PRO,1,,0.766592613,normal,,,,,,
184,est,VER,2,0.656324299,0.26322682,normal,,,,,,
184,avec,PRP,3,0.132839865,0.04052333,normal,,,,,,
184,lui,PRO,4,0.089536966,,normal,,,,,,
185,son,DET,1,,0.555390947,normal,,,,,,
185,lapin,NOU,2,0.790606201,0.024923632,normal,,,,,,
185,est,VER,3,0.032714167,0.070952513,normal,,,,,,
185,caché,VER,4,0.067543454,,normal,,,,,,
186,vous,PRO,1,,0.766592613,normal,,,,,,
186,devez,VER,2,0.656324299,0.070952513,normal,,,,,,
186,être,VER,3,0.067543454,0.070952513,normal,,,,,,
186,brave,VER,4,0.067543454,,normal,,,,,,
187,être,VER,1,,0.241223404,normal,,,,,,
187,bon,ADJ,2,0.042561628,0.031561027,normal,,,,,,
187,pour,PRP,3,0.089784173,0.04052333,normal,,,,,,
187,moi,PRO,4,0.089536966,,normal,,,,,,
188,leur,DET,1,,0.555390947,normal,,,,,,
188,chien,NOU,2,0.790606201,0.147968044,normal,,,,,,
188,les,PRO,3,0.231217078,0.766592613,normal,,,,,,
188,aime,VER,4,0.656324299,,normal,,,,,,
189,les,DET,1,,0.555390947,normal,,,,,,
189,mecs,NOU,2,0.790606201,0.024923632,normal,,,,,,
189,ont,VER,3,0.032714167,0.070952513,normal,,,,,,
189,gagné,VER,4,0.067543454,,normal,,,,,,
190,nous,PRO,1,,0.766592613,normal,,,,,,
190,avons,VER,2,0.656324299,0.346851145,normal,,,,,,
190,les,DET,3,0.192188223,0.211702128,normal,,,,,,
190,menus,ADJ,4,0.082137899,,normal,,,,,,
191,notre,DET,1,,0.555390947,normal,,,,,,
191,chat,NOU,2,0.790606201,0.024923632,normal,,,,,,
191,était,VER,3,0.032714167,0.241223404,normal,,,,,,
191,fou,ADJ,4,0.042561628,,normal,,,,,,
192,notre,DET,1,,0.211702128,normal,,,,,,
192,belle,ADJ,2,0.082137899,0.056296296,normal,,,,,,
192,mère,NOU,3,0.414676259,0.024923632,normal,,,,,,
192,joue,VER,4,0.032714167,,normal,,,,,,
193,cette,PRO,1,,0.004197531,normal,,,,,,
193,peau,NOU,2,0.003566334,0.024923632,normal,,,,,,
193,est,VER,3,0.032714167,0.241223404,normal,,,,,,
193,laide,ADJ,4,0.042561628,,normal,,,,,,
194,leur,DET,1,,0.211702128,normal,,,,,,
194,bon,ADJ,2,0.082137899,0.056296296,normal,,,,,,
194,roi,NOU,3,0.414676259,0.024923632,normal,,,,,,
194,ira,VER,4,0.032714167,,normal,,,,,,
195,notre,DET,1,,0.555390947,normal,,,,,,
195,reine,NOU,2,0.790606201,0.024923632,normal,,,,,,
195,est,VER,3,0.032714167,0.241223404,normal,,,,,,
195,juste,ADJ,4,0.042561628,,normal,,,,,,
196,notre,DET,1,,0.555390947,normal,,,,,,
196,mur,NOU,2,0.790606201,0.024923632,normal,,,,,,
196,est,VER,3,0.032714167,0.241223404,normal,,,,,,
196,rose,ADJ,4,0.042561628,,normal,,,,,,
197,vous,PRO,1,,0.766592613,normal,,,,,,
197,êtes,VER,2,0.656324299,0.070952513,normal,,,,,,
197,allé,VER,3,0.067543454,0.430972389,normal,,,,,,
197,ici,ADV,4,0.237261252,,normal,,,,,,
198,ce,PRO,1,,0.004197531,normal,,,,,,
198,jean,NOU,2,0.003566334,0.024923632,normal,,,,,,
198,est,VER,3,0.032714167,0.241223404,normal,,,,,,
198,court,ADJ,4,0.042561628,,normal,,,,,,
199,repas,NOU,1,,0.350969094,normal,,,,,,
199,avec,PRP,2,0.241105258,0.050811943,normal,,,,,,
199,des,PRP,3,0.049629061,0.108244681,normal,,,,,,
199,baies,ADJ,4,0.013558455,,normal,,,,,,
200,frère,NOU,1,,0.350969094,normal,,,,,,
200,avec,PRP,2,0.241105258,0.050811943,normal,,,,,,
200,des,PRP,3,0.049629061,0.228559671,normal,,,,,,
200,vélos,NOU,4,0.39370683,,normal,,,,,,
201,les,DET,1,,0.000971952,scrambled,,,,,,
201,sont,VER,2,0.001619621,0.430972389,scrambled,,,,,,
201,loin,ADV,3,0.237261252,0.014567901,scrambled,,,,,,
201,vers,NOU,4,0.027604528,,scrambled,,,,,,
202,ces,PRO,1,,0.766592613,scrambled,,,,,,
202,vont,VER,2,0.656324299,0.029218107,scrambled,,,,,,
202,loups,NOU,3,0.040843302,0.024923632,scrambled,,,,,,
202,voir,VER,4,0.032714167,,scrambled,,,,,,
203,ton,DET,1,,0.000971952,scrambled,,,,,,
203,est,VER,2,0.001619621,0.241223404,scrambled,,,,,,
203,vert,ADJ,3,0.042561628,0.056296296,scrambled,,,,,,
203,mec,NOU,4,0.414676259,,scrambled,,,,,,
204,votre,DET,1,,0.000971952,scrambled,,,,,,
204,était,VER,2,0.001619621,0.430972389,scrambled,,,,,,
204,bonne,ADV,3,0.237261252,0.014567901,scrambled,,,,,,
204,reine,NOU,4,0.027604528,,scrambled,,,,,,
205,votre,DET,1,,0.000971952,scrambled,,,,,,
205,était,VER,2,0.001619621,0.241223404,scrambled,,,,,,
205,grand,ADJ,3,0.042561628,0.056296296,scrambled,,,,,,
205,roi,NOU,4,0.414676259,,scrambled,,,,,,
206,ton,DET,1,,0.000971952,scrambled,,,,,,
206,sera,VER,2,0.001619621,0.241223404,scrambled,,,,,,
206,jeune,ADJ,3,0.042561628,0.056296296,scrambled,,,,,,
206,homme,NOU,4,0.414676259,,scrambled,,,,,,
207,ton,DET,1,,0.013205282,scrambled,,,,,,
207,gros,ADV,2,0.01272559,0.06095529,scrambled,,,,,,
207,est,VER,3,0.101409101,0.029218107,scrambled,,,,,,
207,cou,NOU,4,0.040843302,,scrambled,,,,,,
208,elles,PRO,1,,0.261433368,scrambled,,,,,,
208,lui,PRO,2,0.268426058,0.028810896,scrambled,,,,,,
208,avec,PRP,3,0.013076557,0.058039433,scrambled,,,,,,
208,sont,VER,4,0.106932719,,scrambled,,,,,,
209,cet,PRO,1,,0.766592613,scrambled,,,,,,
209,mange,VER,2,0.656324299,0.123769827,scrambled,,,,,,
209,tout,PRO,3,0.141299319,0.004197531,scrambled,,,,,,
209,ours,NOU,4,0.003566334,,scrambled,,,,,,
210,cet,PRO,1,,0.045738295,scrambled,,,,,,
210,ici,ADV,2,0.02264622,0.06095529,scrambled,,,,,,
210,vit,VER,3,0.101409101,0.029218107,scrambled,,,,,,
210,ours,NOU,4,0.040843302,,scrambled,,,,,,
211,vos,DET,1,,0.211702128,scrambled,,,,,,
211,bruns,ADJ,2,0.082137899,0.056296296,scrambled,,,,,,
211,pieds,NOU,3,0.414676259,0.024923632,scrambled,,,,,,
211,sont,VER,4,0.032714167,,scrambled,,,,,,
212,nos,DET,1,,0.000971952,scrambled,,,,,,
212,sont,VER,2,0.001619621,0.241223404,scrambled,,,,,,
212,sales,ADJ,3,0.042561628,0.056296296,scrambled,,,,,,
212,mains,NOU,4,0.414676259,,scrambled,,,,,,
213,son,DET,1,,0.013205282,scrambled,,,,,,
213,ici,ADV,2,0.01272559,0.06095529,scrambled,,,,,,
213,sera,VER,3,0.101409101,0.029218107,scrambled,,,,,,
213,cou,NOU,4,0.040843302,,scrambled,,,,,,
214,son,DET,1,,0.000971952,scrambled,,,,,,
214,est,VER,2,0.001619621,0.241223404,scrambled,,,,,,
214,noir,ADJ,3,0.042561628,0.056296296,scrambled,,,,,,
214,serf,NOU,4,0.414676259,,scrambled,,,,,,
215,cette,PRO,1,,0.766592613,scrambled,,,,,,
215,sonne,VER,2,0.656324299,0.430972389,scrambled,,,,,,
215,bien,ADV,3,0.237261252,0.014567901,scrambled,,,,,,
215,basse,NOU,4,0.027604528,,scrambled,,,,,,
216,cette,PRO,1,,0.004197531,scrambled,,,,,,
216,fille,NOU,2,0.003566334,0.024923632,scrambled,,,,,,
216,danse,VER,3,0.032714167,0.430972389,scrambled,,,,,,
216,ici,ADV,4,0.237261252,,scrambled,,,,,,
217,cette,PRO,1,,0.766592613,scrambled,,,,,,
217,voit,VER,2,0.656324299,0.430972389,scrambled,,,,,,
217,tout,ADV,3,0.237261252,0.014567901,scrambled,,,,,,
217,fille,NOU,4,0.027604528,,scrambled,,,,,,
218,leur,DET,1,,0.011635985,scrambled,,,,,,
218,les,PRO,2,0.023253124,0.766592613,scrambled,,,,,,
218,voit,VER,3,0.656324299,0.029218107,scrambled,,,,,,
218,fille,NOU,4,0.040843302,,scrambled,,,,,,
219,nos,DET,1,,0.000971952,scrambled,,,,,,
219,vont,VER,2,0.001619621,0.070952513,scrambled,,,,,,
219,rire,VER,3,0.067543454,0.029218107,scrambled,,,,,,
219,rois,NOU,4,0.040843302,,scrambled,,,,,,
220,tous,PRO,1,,0.045738295,scrambled,,,,,,
220,mal,ADV,2,0.02264622,0.1484994,scrambled,,,,,,
220,ici,ADV,3,0.142873643,0.06095529,scrambled,,,,,,
220,sont,VER,4,0.101409101,,scrambled,,,,,,
221,joue,NOU,1,,0.202393617,scrambled,,,,,,
221,amie,ADJ,2,0.050827095,0.008945611,scrambled,,,,,,
221,une,DET,3,0.025611511,0.013357779,scrambled,,,,,,
221,avec,PRP,4,0.011800093,,scrambled,,,,,,
222,cet,PRO,1,,0.261433368,scrambled,,,,,,
222,vous,PRO,2,0.268426058,0.028810896,scrambled,,,,,,
222,pour,PRP,3,0.013076557,0.228559671,scrambled,,,,,,
222,écran,NOU,4,0.39370683,,scrambled,,,,,,
223,les,DET,1,,0.211702128,scrambled,,,,,,
223,vieux,ADJ,2,0.082137899,0.001457928,scrambled,,,,,,
223,sont,VER,3,0.007482014,0.029218107,scrambled,,,,,,
223,nains,NOU,4,0.040843302,,scrambled,,,,,,
224,vos,DET,1,,0.000971952,scrambled,,,,,,
224,sont,VER,2,0.001619621,0.241223404,scrambled,,,,,,
224,épais,ADJ,3,0.042561628,0.056296296,scrambled,,,,,,
224,murs,NOU,4,0.414676259,,scrambled,,,,,,
225,il,PRO,1,,0.261433368,scrambled,,,,,,
225,vous,PRO,2,0.268426058,0.028810896,scrambled,,,,,,
225,avec,PRP,3,0.013076557,0.058039433,scrambled,,,,,,
225,mange,VER,4,0.106932719,,scrambled,,,,,,
226,qui,PRO,1,,0.261433368,scrambled,,,,,,
226,toi,PRO,2,0.268426058,0.766592613,scrambled,,,,,,
226,est,VER,3,0.656324299,0.26322682,scrambled,,,,,,
226,avec,PRP,4,0.132839865,,scrambled,,,,,,
227,son,DET,1,,0.000971952,scrambled,,,,,,
227,est,VER,2,0.001619621,0.430972389,scrambled,,,,,,
227,cher,ADV,3,0.237261252,0.014567901,scrambled,,,,,,
227,jeu,NOU,4,0.027604528,,scrambled,,,,,,
228,vivre,VER,1,,0.430972389,scrambled,,,,,,
228,ici,ADV,2,0.237261252,0.1484994,scrambled,,,,,,
228,cher,ADV,3,0.142873643,0.06095529,scrambled,,,,,,
228,est,VER,4,0.101409101,,scrambled,,,,,,
229,lavé,VER,1,,0.029218107,scrambled,,,,,,
229,bains,NOU,2,0.040843302,0.147968044,scrambled,,,,,,
229,ces,PRO,3,0.231217078,0.028810896,scrambled,,,,,,
229,dans,PRP,4,0.013076557,,scrambled,,,,,,
230,avec,PRP,1,,0.228559671,scrambled,,,,,,
230,forme,NOU,2,0.39370683,0.055701336,scrambled,,,,,,
230,votre,DET,3,0.041863044,0.211702128,scrambled,,,,,,
230,ronde,ADJ,4,0.082137899,,scrambled,,,,,,
231,pour,PRP,1,,0.228559671,scrambled,,,,,,
231,jeux,NOU,2,0.39370683,0.147968044,scrambled,,,,,,
231,tous,PRO,3,0.231217078,0.016698473,scrambled,,,,,,
231,les,DET,4,0.008321446,,scrambled,,,,,,
232,ton,DET,1,,0.000971952,scrambled,,,,,,
232,est,VER,2,0.001619621,0.241223404,scrambled,,,,,,
232,rose,ADJ,3,0.042561628,0.056296296,scrambled,,,,,,
232,nez,NOU,4,0.414676259,,scrambled,,,,,,
233,leur,DET,1,,0.000971952,scrambled,,,,,,
233,est,VER,2,0.001619621,0.070952513,scrambled,,,,,,
233,parti,VER,3,0.067543454,0.029218107,scrambled,,,,,,
233,bébé,NOU,4,0.040843302,,scrambled,,,,,,
234,être,VER,1,,0.029218107,scrambled,,,,,,
234,pomme,NOU,2,0.040843302,0.055701336,scrambled,,,,,,
234,une,DET,3,0.041863044,0.013357779,scrambled,,,,,,
234,avec,PRP,4,0.011800093,,scrambled,,,,,,
235,avec,PRP,1,,0.108244681,scrambled,,,,,,
235,mince,ADJ,2,0.013558455,0.056296296,scrambled,,,,,,
235,femme,NOU,3,0.414676259,0.055701336,scrambled,,,,,,
235,une,DET,4,0.041863044,,scrambled,,,,,,
236,cette,PRO,1,,0.045738295,scrambled,,,,,,
236,ici,ADV,2,0.02264622,0.06095529,scrambled,,,,,,
236,rompt,VER,3,0.101409101,0.029218107,scrambled,,,,,,
236,aile,NOU,4,0.040843302,,scrambled,,,,,,
237,mais,CON,1,,0.028191489,scrambled,,,,,,
237,vrai,ADJ,2,0.005217977,0.022519393,scrambled,,,,,,
237,cela,PRO,3,0.127482014,0.766592613,scrambled,,,,,,
237,est,VER,4,0.656324299,,scrambled,,,,,,
238,fumer,VER,1,,0.029218107,scrambled,,,,,,
238,fois,NOU,2,0.040843302,0.202393617,scrambled,,,,,,
238,seule,ADJ,3,0.050827095,0.008945611,scrambled,,,,,,
238,une,DET,4,0.025611511,,scrambled,,,,,,
239,elle,PRO,1,,0.045738295,scrambled,,,,,,
239,ici,ADV,2,0.02264622,0.06095529,scrambled,,,,,,
239,être,VER,3,0.101409101,0.070952513,scrambled,,,,,,
239,peut,VER,4,0.067543454,,scrambled,,,,,,
240,les,DET,1,,0.000971952,scrambled,,,,,,
240,sont,VER,2,0.001619621,0.241223404,scrambled,,,,,,
240,verts,ADJ,3,0.042561628,0.056296296,scrambled,,,,,,
240,pics,NOU,4,0.414676259,,scrambled,,,,,,
241,son,DET,1,,0.000971952,scrambled,,,,,,
241,est,VER,2,0.001619621,0.029218107,scrambled,,,,,,
241,toit,NOU,3,0.040843302,0.154021609,scrambled,,,,,,
241,bas,ADV,4,0.115516126,,scrambled,,,,,,
242,être,VER,1,,0.029218107,scrambled,,,,,,
242,ville,NOU,2,0.040843302,0.147968044,scrambled,,,,,,
242,cette,PRO,3,0.231217078,0.028810896,scrambled,,,,,,
242,dans,PRP,4,0.013076557,,scrambled,,,,,,
243,sur,PRP,1,,0.108244681,scrambled,,,,,,
243,hauts,ADJ,2,0.013558455,0.022519393,scrambled,,,,,,
243,ces,PRO,3,0.127482014,0.004197531,scrambled,,,,,,
243,toits,NOU,4,0.003566334,,scrambled,,,,,,
244,dans,PRP,1,,0.108244681,scrambled,,,,,,
244,noire,ADJ,2,0.013558455,0.056296296,scrambled,,,,,,
244,robe,NOU,3,0.414676259,0.055701336,scrambled,,,,,,
244,leur,DET,4,0.041863044,,scrambled,,,,,,
245,son,DET,1,,0.000971952,scrambled,,,,,,
245,est,VER,2,0.001619621,0.241223404,scrambled,,,,,,
245,grand,ADJ,3,0.042561628,0.056296296,scrambled,,,,,,
245,gant,NOU,4,0.414676259,,scrambled,,,,,,
246,papa,NOU,1,,0.085514403,scrambled,,,,,,
246,vents,NOU,2,0.04426578,0.024923632,scrambled,,,,,,
246,aime,VER,3,0.032714167,0.346851145,scrambled,,,,,,
246,les,DET,4,0.192188223,,scrambled,,,,,,
247,ils,PRO,1,,0.261433368,scrambled,,,,,,
247,eux,PRO,2,0.268426058,0.028810896,scrambled,,,,,,
247,avec,PRP,3,0.013076557,0.058039433,scrambled,,,,,,
247,sont,VER,4,0.106932719,,scrambled,,,,,,
248,allez,VER,1,,0.029218107,scrambled,,,,,,
248,père,NOU,2,0.040843302,0.055701336,scrambled,,,,,,
248,mon,DET,3,0.041863044,0.013357779,scrambled,,,,,,
248,avec,PRP,4,0.011800093,,scrambled,,,,,,
249,notre,DET,1,,0.000971952,scrambled,,,,,,
249,est,VER,2,0.001619621,0.070952513,scrambled,,,,,,
249,chère,VER,3,0.067543454,0.029218107,scrambled,,,,,,
249,jupe,NOU,4,0.040843302,,scrambled,,,,,,
250,ses,DET,1,,0.011635985,scrambled,,,,,,
250,tout,PRO,2,0.023253124,0.004197531,scrambled,,,,,,
250,fils,NOU,3,0.003566334,0.024923632,scrambled,,,,,,
250,font,VER,4,0.032714167,,scrambled,,,,,,
251,est,VER,1,,0.029218107,scrambled,,,,,,
251,forêt,NOU,2,0.040843302,0.147968044,scrambled,,,,,,
251,cette,PRO,3,0.231217078,0.004787234,scrambled,,,,,,
251,belle,ADJ,4,0.00053495,,scrambled,,,,,,
252,est,VER,1,,0.029218107,scrambled,,,,,,
252,lampe,NOU,2,0.040843302,0.055701336,scrambled,,,,,,
252,leur,DET,3,0.041863044,0.000971952,scrambled,,,,,,
252,posée,VER,4,0.001619621,,scrambled,,,,,,
253,est,VER,1,,0.029218107,scrambled,,,,,,
253,homme,NOU,2,0.040843302,0.085514403,scrambled,,,,,,
253,vivant,NOU,3,0.04426578,0.147968044,scrambled,,,,,,
253,cet,PRO,4,0.231217078,,scrambled,,,,,,
254,avec,PRP,1,,0.058039433,scrambled,,,,,,
254,rient,VER,2,0.106932719,0.123769827,scrambled,,,,,,
254,lui,PRO,3,0.141299319,0.261433368,scrambled,,,,,,
254,ils,PRO,4,0.268426058,,scrambled,,,,,,
255,plats,NOU,1,,0.085514403,scrambled,,,,,,
255,faons,NOU,2,0.04426578,0.055701336,scrambled,,,,,,
255,ses,DET,3,0.041863044,0.000971952,scrambled,,,,,,
255,sont,VER,4,0.001619621,,scrambled,,,,,,
256,est,VER,1,,0.029218107,scrambled,,,,,,
256,jour,NOU,2,0.040843302,0.154021609,scrambled,,,,,,
256,bien,ADV,3,0.115516126,0.098520992,scrambled,,,,,,
256,notre,DET,4,0.095403095,,scrambled,,,,,,
257,mon,DET,1,,0.000971952,scrambled,,,,,,
257,prend,VER,2,0.001619621,0.029218107,scrambled,,,,,,
257,stylo,NOU,3,0.040843302,0.147968044,scrambled,,,,,,
257,elle,PRO,4,0.231217078,,scrambled,,,,,,
258,très,ADV,1,,0.06095529,scrambled,,,,,,
258,dort,VER,2,0.101409101,0.430972389,scrambled,,,,,,
258,bien,ADV,3,0.237261252,0.122148894,scrambled,,,,,,
258,elle,PRO,4,0.243705244,,scrambled,,,,,,
259,belle,ADJ,1,,0.056296296,scrambled,,,,,,
259,lime,NOU,2,0.414676259,0.055701336,scrambled,,,,,,
259,leur,DET,3,0.041863044,0.000971952,scrambled,,,,,,
259,est,VER,4,0.001619621,,scrambled,,,,,,
260,très,ADV,1,,0.06095529,scrambled,,,,,,
260,dort,VER,2,0.101409101,0.430972389,scrambled,,,,,,
260,fort,ADV,3,0.237261252,0.122148894,scrambled,,,,,,
260,il,PRO,4,0.243705244,,scrambled,,,,,,
261,est,VER,1,,0.029218107,scrambled,,,,,,
261,frère,NOU,2,0.040843302,0.055701336,scrambled,,,,,,
261,son,DET,3,0.041863044,0.013205282,scrambled,,,,,,
261,ici,ADV,4,0.01272559,,scrambled,,,,,,
262,levée,VER,1,,0.029218107,scrambled,,,,,,
262,soeur,NOU,2,0.040843302,0.055701336,scrambled,,,,,,
262,notre,DET,3,0.041863044,0.000971952,scrambled,,,,,,
262,est,VER,4,0.001619621,,scrambled,,,,,,
263,vont,VER,1,,0.029218107,scrambled,,,,,,
263,gens,NOU,2,0.040843302,0.147968044,scrambled,,,,,,
263,ces,PRO,3,0.231217078,0.045738295,scrambled,,,,,,
263,vite,ADV,4,0.02264622,,scrambled,,,,,,
264,est,VER,1,,0.029218107,scrambled,,,,,,
264,poire,NOU,2,0.040843302,0.202393617,scrambled,,,,,,
264,bonne,ADJ,3,0.050827095,0.022519393,scrambled,,,,,,
264,cette,PRO,4,0.127482014,,scrambled,,,,,,
265,lui,PRO,1,,0.766592613,scrambled,,,,,,
265,rêve,VER,2,0.656324299,0.123769827,scrambled,,,,,,
265,elle,PRO,3,0.141299319,0.028810896,scrambled,,,,,,
265,avec,PRP,4,0.013076557,,scrambled,,,,,,
266,dit,VER,1,,0.123769827,scrambled,,,,,,
266,leur,PRO,2,0.141299319,0.261433368,scrambled,,,,,,
266,elle,PRO,3,0.268426058,0.766592613,scrambled,,,,,,
266,avait,VER,4,0.656324299,,scrambled,,,,,,
267,sans,PRP,1,,0.04052333,scrambled,,,,,,
267,lui,PRO,2,0.089536966,0.045738295,scrambled,,,,,,
267,vice,ADV,3,0.02264622,0.06095529,scrambled,,,,,,
267,dis,VER,4,0.101409101,,scrambled,,,,,,
268,sac,NOU,1,,0.154021609,scrambled,,,,,,
268,bien,ADV,2,0.115516126,0.06095529,scrambled,,,,,,
268,range,VER,3,0.101409101,0.346851145,scrambled,,,,,,
268,ton,DET,4,0.192188223,,scrambled,,,,,,
269,du,PRP,1,,0.058039433,scrambled,,,,,,
269,jette,VER,2,0.106932719,0.029218107,scrambled,,,,,,
269,sel,NOU,3,0.040843302,0.147968044,scrambled,,,,,,
269,il,PRO,4,0.231217078,,scrambled,,,,,,
270,poivre,NOU,1,,0.154021609,scrambled,,,,,,
270,peu,ADV,2,0.115516126,0.1484994,scrambled,,,,,,
270,très,ADV,3,0.142873643,0.156888423,scrambled,,,,,,
270,sans,PRP,4,0.138369138,,scrambled,,,,,,
271,sans,PRP,1,,0.058039433,scrambled,,,,,,
271,mange,VER,2,0.106932719,0.029218107,scrambled,,,,,,
271,pain,NOU,3,0.040843302,0.147968044,scrambled,,,,,,
271,elle,PRO,4,0.231217078,,scrambled,,,,,,
272,aux,PRP,1,,0.228559671,scrambled,,,,,,
272,poils,NOU,2,0.39370683,0.085514403,scrambled,,,,,,
272,mains,NOU,3,0.04426578,0.350969094,scrambled,,,,,,
272,des,PRP,4,0.241105258,,scrambled,,,,,,
273,son,DET,1,,0.013205282,scrambled,,,,,,
273,vite,ADV,2,0.01272559,0.014567901,scrambled,,,,,,
273,vin,NOU,3,0.027604528,0.024923632,scrambled,,,,,,
273,bois,VER,4,0.032714167,,scrambled,,,,,,
274,fait,VER,1,,0.123769827,scrambled,,,,,,
274,il,PRO,2,0.141299319,0.050471971,scrambled,,,,,,
274,quand,CON,3,0.015572991,0.028191489,scrambled,,,,,,
274,froid,ADJ,4,0.005217977,,scrambled,,,,,,
275,sont,VER,1,,0.029218107,scrambled,,,,,,
275,jours,NOU,2,0.040843302,0.202393617,scrambled,,,,,,
275,longs,ADJ,3,0.050827095,0.022519393,scrambled,,,,,,
275,ces,PRO,4,0.127482014,,scrambled,,,,,,
276,stylo,NOU,1,,0.055701336,scrambled,,,,,,
276,ton,DET,2,0.041863044,0.211702128,scrambled,,,,,,
276,bleu,ADJ,3,0.082137899,0.001457928,scrambled,,,,,,
276,prend,VER,4,0.007482014,,scrambled,,,,,,
277,très,ADV,1,,0.014567901,scrambled,,,,,,
277,pelle,NOU,2,0.027604528,0.202393617,scrambled,,,,,,
277,utile,ADJ,3,0.050827095,0.008945611,scrambled,,,,,,
277,une,DET,4,0.025611511,,scrambled,,,,,,
278,qui,PRO,1,,0.004197531,scrambled,,,,,,
278,femme,NOU,2,0.003566334,0.024923632,scrambled,,,,,,
278,parla,VER,3,0.032714167,0.241223404,scrambled,,,,,,
278,belle,ADJ,4,0.042561628,,scrambled,,,,,,
279,petit,ADJ,1,,0.008945611,scrambled,,,,,,
279,mon,DET,2,0.025611511,0.000971952,scrambled,,,,,,
279,voir,VER,3,0.001619621,0.029218107,scrambled,,,,,,
279,frère,NOU,4,0.040843302,,scrambled,,,,,,
280,calme,VER,1,,0.346851145,scrambled,,,,,,
280,notre,DET,2,0.192188223,0.013357779,scrambled,,,,,,
280,dans,PRP,3,0.011800093,0.228559671,scrambled,,,,,,
280,mer,NOU,4,0.39370683,,scrambled,,,,,,
281,est,VER,1,,0.029218107,scrambled,,,,,,
281,mur,NOU,2,0.040843302,0.055701336,scrambled,,,,,,
281,leur,DET,3,0.041863044,0.211702128,scrambled,,,,,,
281,triste,ADJ,4,0.082137899,,scrambled,,,,,,
282,prise,NOU,1,,0.085514403,scrambled,,,,,,
282,date,NOU,2,0.04426578,0.147968044,scrambled,,,,,,
282,cette,PRO,3,0.231217078,0.766592613,scrambled,,,,,,
282,est,VER,4,0.656324299,,scrambled,,,,,,
283,chez,PRP,1,,0.058039433,scrambled,,,,,,
283,dina,VER,2,0.106932719,0.123769827,scrambled,,,,,,
283,elle,PRO,3,0.141299319,0.261433368,scrambled,,,,,,
283,lui,PRO,4,0.268426058,,scrambled,,,,,,
284,une,DET,1,,0.000971952,scrambled,,,,,,
284,dire,VER,2,0.001619621,0.26322682,scrambled,,,,,,
284,pour,PRP,3,0.132839865,0.228559671,scrambled,,,,,,
284,chose,NOU,4,0.39370683,,scrambled,,,,,,
285,cuits,VER,1,,0.029218107,scrambled,,,,,,
285,bouts,NOU,2,0.040843302,0.147968044,scrambled,,,,,,
285,ces,PRO,3,0.231217078,0.766592613,scrambled,,,,,,
285,sont,VER,4,0.656324299,,scrambled,,,,,,
286,est,VER,1,,0.029218107,scrambled,,,,,,
286,club,NOU,2,0.040843302,0.024923632,scrambled,,,,,,
286,fermé,VER,3,0.032714167,0.346851145,scrambled,,,,,,
286,notre,DET,4,0.192188223,,scrambled,,,,,,
287,des,PRP,1,,0.058039433,scrambled,,,,,,
287,mange,VER,2,0.106932719,0.029218107,scrambled,,,,,,
287,cèpes,NOU,3,0.040843302,0.147968044,scrambled,,,,,,
287,elle,PRO,4,0.231217078,,scrambled,,,,,,
288,soir,NOU,1,,0.085514403,scrambled,,,,,,
288,choc,NOU,2,0.04426578,0.154021609,scrambled,,,,,,
288,hier,ADV,3,0.115516126,0.161170213,scrambled,,,,,,
288,gros,ADJ,4,0.062832063,,scrambled,,,,,,
289,béate,ADJ,1,,0.011968085,scrambled,,,,,,
289,belle,ADJ,2,0.016978417,0.008945611,scrambled,,,,,,
289,une,DET,3,0.025611511,0.555390947,scrambled,,,,,,
289,lèvre,NOU,4,0.790606201,,scrambled,,,,,,
290,est,VER,1,,0.029218107,scrambled,,,,,,
290,avis,NOU,2,0.040843302,0.202393617,scrambled,,,,,,
290,utile,ADJ,3,0.050827095,0.008945611,scrambled,,,,,,
290,son,DET,4,0.025611511,,scrambled,,,,,,
291,son,DET,1,,0.000971952,scrambled,,,,,,
291,arma,VER,2,0.001619621,0.029218107,scrambled,,,,,,
291,canon,NOU,3,0.040843302,0.147968044,scrambled,,,,,,
291,elle,PRO,4,0.231217078,,scrambled,,,,,,
292,pieds,NOU,1,,0.085514403,scrambled,,,,,,
292,bobo,NOU,2,0.04426578,0.202393617,scrambled,,,,,,
292,gros,ADJ,3,0.050827095,0.031561027,scrambled,,,,,,
292,aux,PRP,4,0.089784173,,scrambled,,,,,,
293,est,VER,1,,0.029218107,scrambled,,,,,,
293,ange,NOU,2,0.040843302,0.055701336,scrambled,,,,,,
293,notre,DET,3,0.041863044,0.000971952,scrambled,,,,,,
293,passé,VER,4,0.001619621,,scrambled,,,,,,
294,est,VER,1,,0.029218107,scrambled,,,,,,
294,anus,NOU,2,0.040843302,0.024923632,scrambled,,,,,,
294,lavé,VER,3,0.032714167,0.123769827,scrambled,,,,,,
294,cet,PRO,4,0.141299319,,scrambled,,,,,,
295,pomme,NOU,1,,0.147968044,scrambled,,,,,,
295,cette,PRO,2,0.231217078,0.004787234,scrambled,,,,,,
295,amère,ADJ,3,0.00053495,0.025810324,scrambled,,,,,,
295,comme,ADV,4,0.071366906,,scrambled,,,,,,
296,danse,NOU,1,,0.202393617,scrambled,,,,,,
296,amie,ADJ,2,0.050827095,0.025810324,scrambled,,,,,,
296,bien,ADV,3,0.071366906,0.098520992,scrambled,,,,,,
296,son,DET,4,0.095403095,,scrambled,,,,,,
297,bien,ADV,1,,0.06095529,scrambled,,,,,,
297,aimes,VER,2,0.101409101,0.070952513,scrambled,,,,,,
297,vivre,VER,3,0.067543454,0.123769827,scrambled,,,,,,
297,tu,PRO,4,0.141299319,,scrambled,,,,,,
298,dit,VER,1,,0.123769827,scrambled,,,,,,
298,vous,PRO,2,0.141299319,0.261433368,scrambled,,,,,,
298,ils,PRO,3,0.268426058,0.766592613,scrambled,,,,,,
298,ont,VER,4,0.656324299,,scrambled,,,,,,
299,bons,ADJ,1,,0.001457928,scrambled,,,,,,
299,è,VER,2,0.007482014,0.029218107,scrambled,,,,,,
299,amis,NOU,3,0.040843302,0.147968044,scrambled,,,,,,
299,nous,PRO,4,0.231217078,,scrambled,,,,,,
300,amant,NOU,1,,0.024923632,scrambled,,,,,,
300,aima,VER,2,0.032714167,0.123769827,scrambled,,,,,,
300,elle,PRO,3,0.141299319,0.016698473,scrambled,,,,,,
300,son,DET,4,0.008321446,,scrambled,,,,,,
301,crève,VER,1,,0.029218107,scrambled,,,,,,
301,abcès,NOU,2,0.040843302,0.147968044,scrambled,,,,,,
301,cet,PRO,3,0.231217078,0.261433368,scrambled,,,,,,
301,elle,PRO,4,0.268426058,,scrambled,,,,,,
302,abats,VER,1,,0.430972389,scrambled,,,,,,
302,tout,ADV,2,0.237261252,0.161170213,scrambled,,,,,,
302,jolis,ADJ,3,0.062832063,0.022519393,scrambled,,,,,,
302,ces,PRO,4,0.127482014,,scrambled,,,,,,
303,bien,ADV,1,,0.014567901,scrambled,,,,,,
303,abri,NOU,2,0.027604528,0.055701336,scrambled,,,,,,
303,son,DET,3,0.041863044,0.013357779,scrambled,,,,,,
303,dans,PRP,4,0.011800093,,scrambled,,,,,,
304,beau,ADJ,1,,0.056296296,scrambled,,,,,,
304,rêve,NOU,2,0.414676259,0.024923632,scrambled,,,,,,
304,fut,VER,3,0.032714167,0.346851145,scrambled,,,,,,
304,son,DET,4,0.192188223,,scrambled,,,,,,
305,fille,NOU,1,,0.024923632,scrambled,,,,,,
305,amuse,VER,2,0.032714167,0.123769827,scrambled,,,,,,
305,nous,PRO,3,0.141299319,0.261433368,scrambled,,,,,,
305,cette,PRO,4,0.268426058,,scrambled,,,,,,
306,aigle,NOU,1,,0.154021609,scrambled,,,,,,
306,bien,ADV,2,0.115516126,0.06095529,scrambled,,,,,,
306,mange,VER,3,0.101409101,0.123769827,scrambled,,,,,,
306,cet,PRO,4,0.141299319,,scrambled,,,,,,
307,abdos,NOU,1,,0.024923632,scrambled,,,,,,
307,force,VER,2,0.032714167,0.346851145,scrambled,,,,,,
307,ses,DET,3,0.192188223,0.011635985,scrambled,,,,,,
307,elle,PRO,4,0.023253124,,scrambled,,,,,,
308,sur,PRP,1,,0.228559671,scrambled,,,,,,
308,paroi,NOU,2,0.39370683,0.147968044,scrambled,,,,,,
308,cette,PRO,3,0.231217078,0.766592613,scrambled,,,,,,
308,taper,VER,4,0.656324299,,scrambled,,,,,,
309,algue,NOU,1,,0.024923632,scrambled,,,,,,
309,posée,VER,2,0.032714167,0.070952513,scrambled,,,,,,
309,est,VER,3,0.067543454,0.346851145,scrambled,,,,,,
309,une,DET,4,0.192188223,,scrambled,,,,,,
310,ce,PRO,1,,0.004787234,scrambled,,,,,,
310,plein,ADJ,2,0.00053495,0.056296296,scrambled,,,,,,
310,amphi,NOU,3,0.414676259,0.202393617,scrambled,,,,,,
310,grand,ADJ,4,0.050827095,,scrambled,,,,,,
311,laver,VER,1,,0.123769827,scrambled,,,,,,
311,elle,PRO,2,0.141299319,0.045738295,scrambled,,,,,,
311,bien,ADV,3,0.02264622,0.06095529,scrambled,,,,,,
311,pense,VER,4,0.101409101,,scrambled,,,,,,
312,fois,NOU,1,,0.147968044,scrambled,,,,,,
312,elle,PRO,2,0.231217078,0.004787234,scrambled,,,,,,
312,deux,ADJ,3,0.00053495,0.001457928,scrambled,,,,,,
312,passe,VER,4,0.007482014,,scrambled,,,,,,
313,reste,VER,1,,0.430972389,scrambled,,,,,,
313,alors,ADV,2,0.237261252,0.1484994,scrambled,,,,,,
313,ici,ADV,3,0.142873643,0.122148894,scrambled,,,,,,
313,cela,PRO,4,0.243705244,,scrambled,,,,,,
314,bébés,NOU,1,,0.202393617,scrambled,,,,,,
314,beaux,ADJ,2,0.050827095,0.001457928,scrambled,,,,,,
314,vont,VER,3,0.007482014,0.123769827,scrambled,,,,,,
314,ces,PRO,4,0.141299319,,scrambled,,,,,,
315,sont,VER,1,,0.070952513,scrambled,,,,,,
315,virés,VER,2,0.067543454,0.123769827,scrambled,,,,,,
315,tous,PRO,3,0.141299319,0.261433368,scrambled,,,,,,
315,ils,PRO,4,0.268426058,,scrambled,,,,,,
316,lions,NOU,1,,0.202393617,scrambled,,,,,,
316,calme,ADJ,2,0.050827095,0.011968085,scrambled,,,,,,
316,bons,ADJ,3,0.016978417,0.022519393,scrambled,,,,,,
316,ces,PRO,4,0.127482014,,scrambled,,,,,,
317,rata,VER,1,,0.029218107,scrambled,,,,,,
317,cible,NOU,2,0.040843302,0.147968044,scrambled,,,,,,
317,cette,PRO,3,0.231217078,0.261433368,scrambled,,,,,,
317,elle,PRO,4,0.268426058,,scrambled,,,,,,
318,fit,VER,1,,0.029218107,scrambled,,,,,,
318,choix,NOU,2,0.040843302,0.055701336,scrambled,,,,,,
318,son,DET,3,0.041863044,0.011635985,scrambled,,,,,,
318,elle,PRO,4,0.023253124,,scrambled,,,,,,
319,ici,ADV,1,,0.098520992,scrambled,,,,,,
319,son,DET,2,0.095403095,0.000971952,scrambled,,,,,,
319,tombe,VER,3,0.001619621,0.029218107,scrambled,,,,,,
319,croc,NOU,4,0.040843302,,scrambled,,,,,,
320,son,DET,1,,0.000971952,scrambled,,,,,,
320,durci,VER,2,0.001619621,0.070952513,scrambled,,,,,,
320,avait,VER,3,0.067543454,0.029218107,scrambled,,,,,,
320,bras,NOU,4,0.040843302,,scrambled,,,,,,
321,est,VER,1,,0.070952513,scrambled,,,,,,
321,douée,VER,2,0.067543454,0.430972389,scrambled,,,,,,
321,très,ADV,3,0.237261252,0.122148894,scrambled,,,,,,
321,elle,PRO,4,0.243705244,,scrambled,,,,,,
322,épine,NOU,1,,0.024923632,scrambled,,,,,,
322,dure,VER,2,0.032714167,0.070952513,scrambled,,,,,,
322,sera,VER,3,0.067543454,0.123769827,scrambled,,,,,,
322,cette,PRO,4,0.141299319,,scrambled,,,,,,
323,épais,ADJ,1,,0.056296296,scrambled,,,,,,
323,livre,NOU,2,0.414676259,0.154021609,scrambled,,,,,,
323,assez,ADV,3,0.115516126,0.098520992,scrambled,,,,,,
323,votre,DET,4,0.095403095,,scrambled,,,,,,
324,cette,PRO,1,,0.004787234,scrambled,,,,,,
324,noire,ADJ,2,0.00053495,0.056296296,scrambled,,,,,,
324,taupe,NOU,3,0.414676259,0.024923632,scrambled,,,,,,
324,tuer,VER,4,0.032714167,,scrambled,,,,,,
325,honte,NOU,1,,0.024923632,scrambled,,,,,,
325,mange,VER,2,0.032714167,0.26322682,scrambled,,,,,,
325,sans,PRP,3,0.132839865,0.04052333,scrambled,,,,,,
325,elle,PRO,4,0.089536966,,scrambled,,,,,,
326,elle,PRO,1,,0.004197531,scrambled,,,,,,
326,impôt,NOU,2,0.003566334,0.055701336,scrambled,,,,,,
326,son,DET,3,0.041863044,0.000971952,scrambled,,,,,,
326,paye,VER,4,0.001619621,,scrambled,,,,,,
327,mots,NOU,1,,0.024923632,scrambled,,,,,,
327,buter,VER,2,0.032714167,0.26322682,scrambled,,,,,,
327,des,PRP,3,0.132839865,0.050811943,scrambled,,,,,,
327,sur,PRP,4,0.049629061,,scrambled,,,,,,
328,sont,VER,1,,0.241223404,scrambled,,,,,,
328,laids,ADJ,2,0.042561628,0.025810324,scrambled,,,,,,
328,trop,ADV,3,0.071366906,0.122148894,scrambled,,,,,,
328,ils,PRO,4,0.243705244,,scrambled,,,,,,
329,chaud,ADJ,1,,0.001457928,scrambled,,,,,,
329,verse,VER,2,0.007482014,0.029218107,scrambled,,,,,,
329,repas,NOU,3,0.040843302,0.055701336,scrambled,,,,,,
329,ton,DET,4,0.041863044,,scrambled,,,,,,
330,vide,ADJ,1,,0.022519393,scrambled,,,,,,
330,cette,PRO,2,0.127482014,0.766592613,scrambled,,,,,,
330,était,VER,3,0.656324299,0.029218107,scrambled,,,,,,
330,liste,NOU,4,0.040843302,,scrambled,,,,,,
331,large,ADV,1,,0.098520992,scrambled,,,,,,
331,une,DET,2,0.095403095,0.013205282,scrambled,,,,,,
331,très,ADV,3,0.01272559,0.014567901,scrambled,,,,,,
331,forme,NOU,4,0.027604528,,scrambled,,,,,,
332,lapin,NOU,1,,0.024923632,scrambled,,,,,,
332,lavé,VER,2,0.032714167,0.430972389,scrambled,,,,,,
332,pas,ADV,3,0.237261252,0.098520992,scrambled,,,,,,
332,votre,DET,4,0.095403095,,scrambled,,,,,,
333,bons,ADJ,1,,0.008945611,scrambled,,,,,,
333,tes,DET,2,0.025611511,0.000971952,scrambled,,,,,,
333,sont,VER,3,0.001619621,0.029218107,scrambled,,,,,,
333,kiwis,NOU,4,0.040843302,,scrambled,,,,,,
334,ici,ADV,1,,0.098520992,scrambled,,,,,,
334,leur,DET,2,0.095403095,0.000971952,scrambled,,,,,,
334,nage,VER,3,0.001619621,0.029218107,scrambled,,,,,,
334,lotus,NOU,4,0.040843302,,scrambled,,,,,,
335,sont,VER,1,,0.123769827,scrambled,,,,,,
335,toi,PRO,2,0.141299319,0.028810896,scrambled,,,,,,
335,avant,PRP,3,0.013076557,0.04052333,scrambled,,,,,,
335,ils,PRO,4,0.089536966,,scrambled,,,,,,
336,molle,ADJ,1,,0.022519393,scrambled,,,,,,
336,cette,PRO,2,0.127482014,0.766592613,scrambled,,,,,,
336,était,VER,3,0.656324299,0.029218107,scrambled,,,,,,
336,herbe,NOU,4,0.040843302,,scrambled,,,,,,
337,gens,NOU,1,,0.154021609,scrambled,,,,,,
337,loin,ADV,2,0.115516126,0.06095529,scrambled,,,,,,
337,vont,VER,3,0.101409101,0.123769827,scrambled,,,,,,
337,ces,PRO,4,0.141299319,,scrambled,,,,,,
338,orage,NOU,1,,0.147968044,scrambled,,,,,,
338,toi,PRO,2,0.231217078,0.028810896,scrambled,,,,,,
338,avec,PRP,3,0.013076557,0.04052333,scrambled,,,,,,
338,cet,PRO,4,0.089536966,,scrambled,,,,,,
339,parts,NOU,1,,0.147968044,scrambled,,,,,,
339,elle,PRO,2,0.231217078,0.028810896,scrambled,,,,,,
339,des,PRP,3,0.013076557,0.058039433,scrambled,,,,,,
339,veut,VER,4,0.106932719,,scrambled,,,,,,
340,vivre,VER,1,,0.346851145,scrambled,,,,,,
340,une,DET,2,0.192188223,0.013357779,scrambled,,,,,,
340,pour,PRP,3,0.011800093,0.228559671,scrambled,,,,,,
340,quête,NOU,4,0.39370683,,scrambled,,,,,,
341,range,VER,1,,0.029218107,scrambled,,,,,,
341,sucre,NOU,2,0.040843302,0.055701336,scrambled,,,,,,
341,son,DET,3,0.041863044,0.011635985,scrambled,,,,,,
341,elle,PRO,4,0.023253124,,scrambled,,,,,,
342,mal,ADV,1,,0.122148894,scrambled,,,,,,
342,leur,PRO,2,0.243705244,0.766592613,scrambled,,,,,,
342,fait,VER,3,0.656324299,0.070952513,scrambled,,,,,,
342,règle,VER,4,0.067543454,,scrambled,,,,,,
343,tout,ADV,1,,0.014567901,scrambled,,,,,,
343,robot,NOU,2,0.027604528,0.024923632,scrambled,,,,,,
343,vole,VER,3,0.032714167,0.346851145,scrambled,,,,,,
343,votre,DET,4,0.192188223,,scrambled,,,,,,
344,conte,NOU,1,,0.024923632,scrambled,,,,,,
344,lisez,VER,2,0.032714167,0.346851145,scrambled,,,,,,
344,votre,DET,3,0.192188223,0.011635985,scrambled,,,,,,
344,vous,PRO,4,0.023253124,,scrambled,,,,,,
345,sans,PRP,1,,0.058039433,scrambled,,,,,,
345,voir,VER,2,0.106932719,0.123769827,scrambled,,,,,,
345,vous,PRO,3,0.141299319,0.045738295,scrambled,,,,,,
345,pas,ADV,4,0.02264622,,scrambled,,,,,,
346,sauta,VER,1,,0.123769827,scrambled,,,,,,
346,lui,PRO,2,0.141299319,0.028810896,scrambled,,,,,,
346,avec,PRP,3,0.013076557,0.04052333,scrambled,,,,,,
346,elle,PRO,4,0.089536966,,scrambled,,,,,,
347,sur,PRP,1,,0.228559671,scrambled,,,,,,
347,siège,NOU,2,0.39370683,0.055701336,scrambled,,,,,,
347,mon,DET,3,0.041863044,0.000971952,scrambled,,,,,,
347,assi,VER,4,0.001619621,,scrambled,,,,,,
348,jus,NOU,1,,0.024923632,scrambled,,,,,,
348,tombe,VER,2,0.032714167,0.241223404,scrambled,,,,,,
348,jaune,ADJ,3,0.042561628,0.008945611,scrambled,,,,,,
348,leur,DET,4,0.025611511,,scrambled,,,,,,
349,brave,VER,1,,0.029218107,scrambled,,,,,,
349,fils,NOU,2,0.040843302,0.024923632,scrambled,,,,,,
349,est,VER,3,0.032714167,0.346851145,scrambled,,,,,,
349,leur,DET,4,0.192188223,,scrambled,,,,,,
350,loin,ADV,1,,0.098520992,scrambled,,,,,,
350,son,DET,2,0.095403095,0.000971952,scrambled,,,,,,
350,sera,VER,3,0.001619621,0.029218107,scrambled,,,,,,
350,trone,NOU,4,0.040843302,,scrambled,,,,,,
351,sont,VER,1,,0.123769827,scrambled,,,,,,
351,ils,PRO,2,0.141299319,0.050471971,scrambled,,,,,,
351,quand,CON,3,0.015572991,0.028191489,scrambled,,,,,,
351,verts,ADJ,4,0.005217977,,scrambled,,,,,,
352,que,CON,1,,0.004929186,scrambled,,,,,,
352,pense,VER,2,0.01195085,0.123769827,scrambled,,,,,,
352,elle,PRO,3,0.141299319,0.261433368,scrambled,,,,,,
352,cela,PRO,4,0.268426058,,scrambled,,,,,,
353,était,VER,1,,0.029218107,scrambled,,,,,,
353,trou,NOU,2,0.040843302,0.055701336,scrambled,,,,,,
353,le,DET,3,0.041863044,0.000971952,scrambled,,,,,,
353,béant,VER,4,0.001619621,,scrambled,,,,,,
354,très,ADV,1,,0.06095529,scrambled,,,,,,
354,est,VER,2,0.101409101,0.123769827,scrambled,,,,,,
354,elle,PRO,3,0.141299319,0.004787234,scrambled,,,,,,
354,calme,ADJ,4,0.00053495,,scrambled,,,,,,
355,fait,VER,1,,0.070952513,scrambled,,,,,,
355,ont,VER,2,0.067543454,0.123769827,scrambled,,,,,,
355,ils,PRO,3,0.141299319,0.261433368,scrambled,,,,,,
355,cela,PRO,4,0.268426058,,scrambled,,,,,,
356,des,PRP,1,,0.058039433,scrambled,,,,,,
356,ont,VER,2,0.106932719,0.123769827,scrambled,,,,,,
356,ils,PRO,3,0.141299319,0.004197531,scrambled,,,,,,
356,gants,NOU,4,0.003566334,,scrambled,,,,,,
357,aime,VER,1,,0.346851145,scrambled,,,,,,
357,les,DET,2,0.192188223,0.011635985,scrambled,,,,,,
357,elle,PRO,3,0.023253124,0.004197531,scrambled,,,,,,
357,pieds,NOU,4,0.003566334,,scrambled,,,,,,
358,tous,PRO,1,,0.016698473,scrambled,,,,,,
358,les,DET,2,0.008321446,0.000971952,scrambled,,,,,,
358,lire,VER,3,0.001619621,0.029218107,scrambled,,,,,,
358,mots,NOU,4,0.040843302,,scrambled,,,,,,
359,très,ADV,1,,0.06095529,scrambled,,,,,,
359,êtes,VER,2,0.101409101,0.123769827,scrambled,,,,,,
359,vous,PRO,3,0.141299319,0.004787234,scrambled,,,,,,
359,grand,ADJ,4,0.00053495,,scrambled,,,,,,
360,est,VER,1,,0.029218107,scrambled,,,,,,
360,pain,NOU,2,0.040843302,0.055701336,scrambled,,,,,,
360,son,DET,3,0.041863044,0.013205282,scrambled,,,,,,
360,bon,ADV,4,0.01272559,,scrambled,,,,,,
361,des,PRP,1,,0.058039433,scrambled,,,,,,
361,ont,VER,2,0.106932719,0.123769827,scrambled,,,,,,
361,ils,PRO,3,0.141299319,0.004197531,scrambled,,,,,,
361,cours,NOU,4,0.003566334,,scrambled,,,,,,
362,osons,VER,1,,0.070952513,scrambled,,,,,,
362,être,VER,2,0.067543454,0.123769827,scrambled,,,,,,
362,nous,PRO,3,0.141299319,0.045738295,scrambled,,,,,,
362,loin,ADV,4,0.02264622,,scrambled,,,,,,
363,des,PRP,1,,0.058039433,scrambled,,,,,,
363,avons,VER,2,0.106932719,0.123769827,scrambled,,,,,,
363,nous,PRO,3,0.141299319,0.004197531,scrambled,,,,,,
363,rêves,NOU,4,0.003566334,,scrambled,,,,,,
364,avec,PRP,1,,0.058039433,scrambled,,,,,,
364,êtes,VER,2,0.106932719,0.123769827,scrambled,,,,,,
364,vous,PRO,3,0.141299319,0.261433368,scrambled,,,,,,
364,nous,PRO,4,0.268426058,,scrambled,,,,,,
365,une,DET,1,,0.013357779,scrambled,,,,,,
365,avec,PRP,2,0.011800093,0.058039433,scrambled,,,,,,
365,porte,VER,3,0.106932719,0.029218107,scrambled,,,,,,
365,main,NOU,4,0.040843302,,scrambled,,,,,,
366,son,DET,1,,0.000971952,scrambled,,,,,,
366,avait,VER,2,0.001619621,0.123769827,scrambled,,,,,,
366,elle,PRO,3,0.141299319,0.004197531,scrambled,,,,,,
366,stylo,NOU,4,0.003566334,,scrambled,,,,,,
367,une,DET,1,,0.000971952,scrambled,,,,,,
367,avons,VER,2,0.001619621,0.123769827,scrambled,,,,,,
367,nous,PRO,3,0.141299319,0.004197531,scrambled,,,,,,
367,barbe,NOU,4,0.003566334,,scrambled,,,,,,
368,une,DET,1,,0.000971952,scrambled,,,,,,
368,ont,VER,2,0.001619621,0.123769827,scrambled,,,,,,
368,ils,PRO,3,0.141299319,0.004197531,scrambled,,,,,,
368,tasse,NOU,4,0.003566334,,scrambled,,,,,,
369,est,VER,1,,0.029218107,scrambled,,,,,,
369,oeuf,NOU,2,0.040843302,0.147968044,scrambled,,,,,,
369,cet,PRO,3,0.231217078,0.004787234,scrambled,,,,,,
369,dur,ADJ,4,0.00053495,,scrambled,,,,,,
370,moi,PRO,1,,0.016698473,scrambled,,,,,,
370,une,DET,2,0.008321446,0.000971952,scrambled,,,,,,
370,fais,VER,3,0.001619621,0.029218107,scrambled,,,,,,
370,place,NOU,4,0.040843302,,scrambled,,,,,,
371,ces,PRO,1,,0.261433368,scrambled,,,,,,
371,nous,PRO,2,0.268426058,0.766592613,scrambled,,,,,,
371,donne,VER,3,0.656324299,0.029218107,scrambled,,,,,,
371,vélos,NOU,4,0.040843302,,scrambled,,,,,,
372,vont,VER,1,,0.029218107,scrambled,,,,,,
372,ours,NOU,2,0.040843302,0.055701336,scrambled,,,,,,
372,les,DET,3,0.041863044,0.000971952,scrambled,,,,,,
372,rire,VER,4,0.001619621,,scrambled,,,,,,
373,vont,VER,1,,0.029218107,scrambled,,,,,,
373,gars,NOU,2,0.040843302,0.147968044,scrambled,,,,,,
373,ces,PRO,3,0.231217078,0.766592613,scrambled,,,,,,
373,rêver,VER,4,0.656324299,,scrambled,,,,,,
374,pieds,NOU,1,,0.055701336,scrambled,,,,,,
374,ses,DET,2,0.041863044,0.000971952,scrambled,,,,,,
374,sont,VER,3,0.001619621,0.241223404,scrambled,,,,,,
374,secs,ADJ,4,0.042561628,,scrambled,,,,,,
375,était,VER,1,,0.029218107,scrambled,,,,,,
375,mur,NOU,2,0.040843302,0.055701336,scrambled,,,,,,
375,son,DET,3,0.041863044,0.211702128,scrambled,,,,,,
375,sec,ADJ,4,0.082137899,,scrambled,,,,,,
376,paroi,NOU,1,,0.024923632,scrambled,,,,,,
376,est,VER,2,0.032714167,0.346851145,scrambled,,,,,,
376,leur,DET,3,0.192188223,0.000971952,scrambled,,,,,,
376,sale,VER,4,0.001619621,,scrambled,,,,,,
377,deux,ADJ,1,,0.031561027,scrambled,,,,,,
377,avec,PRP,2,0.089784173,0.058039433,scrambled,,,,,,
377,partir,VER,3,0.106932719,0.029218107,scrambled,,,,,,
377,bus,NOU,4,0.040843302,,scrambled,,,,,,
378,serez,VER,1,,0.430972389,scrambled,,,,,,
378,très,ADV,2,0.237261252,0.122148894,scrambled,,,,,,
378,vous,PRO,3,0.243705244,0.004787234,scrambled,,,,,,
378,fous,ADJ,4,0.00053495,,scrambled,,,,,,
379,sont,VER,1,,0.029218107,scrambled,,,,,,
379,loups,NOU,2,0.040843302,0.147968044,scrambled,,,,,,
379,ces,PRO,3,0.231217078,0.766592613,scrambled,,,,,,
379,fous,VER,4,0.656324299,,scrambled,,,,,,
380,des,PRP,1,,0.04052333,scrambled,,,,,,
380,elles,PRO,2,0.089536966,0.766592613,scrambled,,,,,,
380,ont,VER,3,0.656324299,0.029218107,scrambled,,,,,,
380,jeux,NOU,4,0.040843302,,scrambled,,,,,,
381,tous,PRO,1,,0.016698473,scrambled,,,,,,
381,les,DET,2,0.008321446,0.013357779,scrambled,,,,,,
381,avec,PRP,3,0.011800093,0.228559671,scrambled,,,,,,
381,porcs,NOU,4,0.39370683,,scrambled,,,,,,
382,père,NOU,1,,0.024923632,scrambled,,,,,,
382,était,VER,2,0.032714167,0.346851145,scrambled,,,,,,
382,son,DET,3,0.192188223,0.211702128,scrambled,,,,,,
382,jeune,ADJ,4,0.082137899,,scrambled,,,,,,
383,vont,VER,1,,0.029218107,scrambled,,,,,,
383,sacs,NOU,2,0.040843302,0.055701336,scrambled,,,,,,
383,les,DET,3,0.041863044,0.013205282,scrambled,,,,,,
383,ici,ADV,4,0.01272559,,scrambled,,,,,,
384,avec,PRP,1,,0.058039433,scrambled,,,,,,
384,est,VER,2,0.106932719,0.123769827,scrambled,,,,,,
384,elle,PRO,3,0.141299319,0.261433368,scrambled,,,,,,
384,lui,PRO,4,0.268426058,,scrambled,,,,,,
385,est,VER,1,,0.029218107,scrambled,,,,,,
385,lapin,NOU,2,0.040843302,0.055701336,scrambled,,,,,,
385,son,DET,3,0.041863044,0.000971952,scrambled,,,,,,
385,caché,VER,4,0.001619621,,scrambled,,,,,,
386,être,VER,1,,0.070952513,scrambled,,,,,,
386,devez,VER,2,0.067543454,0.123769827,scrambled,,,,,,
386,vous,PRO,3,0.141299319,0.766592613,scrambled,,,,,,
386,brave,VER,4,0.656324299,,scrambled,,,,,,
387,pour,PRP,1,,0.108244681,scrambled,,,,,,
387,bon,ADJ,2,0.013558455,0.001457928,scrambled,,,,,,
387,être,VER,3,0.007482014,0.123769827,scrambled,,,,,,
387,moi,PRO,4,0.141299319,,scrambled,,,,,,
388,chien,NOU,1,,0.147968044,scrambled,,,,,,
388,les,PRO,2,0.231217078,0.016698473,scrambled,,,,,,
388,leur,DET,3,0.008321446,0.000971952,scrambled,,,,,,
388,aime,VER,4,0.001619621,,scrambled,,,,,,
389,mecs,NOU,1,,0.024923632,scrambled,,,,,,
389,ont,VER,2,0.032714167,0.346851145,scrambled,,,,,,
389,les,DET,3,0.192188223,0.000971952,scrambled,,,,,,
389,gagné,VER,4,0.001619621,,scrambled,,,,,,
390,les,DET,1,,0.000971952,scrambled,,,,,,
390,avons,VER,2,0.001619621,0.123769827,scrambled,,,,,,
390,nous,PRO,3,0.141299319,0.004787234,scrambled,,,,,,
390,menus,ADJ,4,0.00053495,,scrambled,,,,,,
391,était,VER,1,,0.029218107,scrambled,,,,,,
391,chat,NOU,2,0.040843302,0.055701336,scrambled,,,,,,
391,notre,DET,3,0.041863044,0.211702128,scrambled,,,,,,
391,fou,ADJ,4,0.082137899,,scrambled,,,,,,
392,mère,NOU,1,,0.055701336,scrambled,,,,,,
392,notre,DET,2,0.041863044,0.211702128,scrambled,,,,,,
392,belle,ADJ,3,0.082137899,0.001457928,scrambled,,,,,,
392,joue,VER,4,0.007482014,,scrambled,,,,,,
393,peau,NOU,1,,0.024923632,scrambled,,,,,,
393,est,VER,2,0.032714167,0.123769827,scrambled,,,,,,
393,cette,PRO,3,0.141299319,0.004787234,scrambled,,,,,,
393,laide,ADJ,4,0.00053495,,scrambled,,,,,,
394,roi,NOU,1,,0.202393617,scrambled,,,,,,
394,bon,ADJ,2,0.050827095,0.008945611,scrambled,,,,,,
394,leur,DET,3,0.025611511,0.000971952,scrambled,,,,,,
394,ira,VER,4,0.001619621,,scrambled,,,,,,
395,est,VER,1,,0.029218107,scrambled,,,,,,
395,reine,NOU,2,0.040843302,0.055701336,scrambled,,,,,,
395,notre,DET,3,0.041863044,0.211702128,scrambled,,,,,,
395,juste,ADJ,4,0.082137899,,scrambled,,,,,,
396,est,VER,1,,0.029218107,scrambled,,,,,,
396,mur,NOU,2,0.040843302,0.055701336,scrambled,,,,,,
396,notre,DET,3,0.041863044,0.211702128,scrambled,,,,,,
396,rose,ADJ,4,0.082137899,,scrambled,,,,,,
397,allé,VER,1,,0.070952513,scrambled,,,,,,
397,êtes,VER,2,0.067543454,0.123769827,scrambled,,,,,,
397,vous,PRO,3,0.141299319,0.045738295,scrambled,,,,,,
397,ici,ADV,4,0.02264622,,scrambled,,,,,,
398,jean,NOU,1,,0.024923632,scrambled,,,,,,
398,est,VER,2,0.032714167,0.123769827,scrambled,,,,,,
398,ce,PRO,3,0.141299319,0.004787234,scrambled,,,,,,
398,court,ADJ,4,0.00053495,,scrambled,,,,,,
399,des,PRP,1,,0.050811943,scrambled,,,,,,
399,avec,PRP,2,0.049629061,0.228559671,scrambled,,,,,,
399,repas,NOU,3,0.39370683,0.202393617,scrambled,,,,,,
399,baies,ADJ,4,0.050827095,,scrambled,,,,,,
400,des,PRP,1,,0.050811943,scrambled,,,,,,
400,avec,PRP,2,0.049629061,0.228559671,scrambled,,,,,,
400,frère,NOU,3,0.39370683,0.085514403,scrambled,,,,,,
400,vélos,NOU,4,0.04426578,,scrambled,,,,,,
