ID,Words,POS,Position,Condition,Prob of coming after,Prob of coming bef,,POSbef,Probbef,,POSaft,Probaft,,replace,for
1,La,DET,1,normal,,0.555390947,,ADJADJ,0.011968085,,ADJADJ,0.016978417,,NOM:trc,NOM
1,chambre,NOU,2,normal,0.790606201,0.024923632,,ADJADV,0.025810324,,ADJADV,0.071366906,,NAM,NOM
1,sera,VER,3,normal,0.032714167,0.430972389,,ADJDET,0.008945611,,ADJDET,0.025611511,,NOM:sig,NOM
1,mal,ADV,4,normal,0.237261252,0.06095529,,ADJINT,0.054418985,,ADJINT,0.085755396,,NUM,ADJ
1,organisée,VER,5,normal,0.101409101,,,ADJCON,0.09208245,,ADJCON,0.160863309,,ADJ:trc,ADJ
2,La,DET,1,normal,,0.555390947,,ADJNOU,0.056296296,,ADJNOU,0.414676259,,AUX:cond,AUX
2,fille,NOU,2,normal,0.790606201,0.147968044,,ADJPRO,0.022519393,,ADJPRO,0.127482014,,AUX:futu,AUX
2,se,PRO,3,normal,0.231217078,0.766592613,,ADJPRP,0.031561027,,ADJPRP,0.089784173,,AUX:impf,AUX
2,lève,VER,4,normal,0.656324299,0.430972389,,ADJVER,0.001457928,,ADJVER,0.007482014,,AUX:infi,AUX
2,tôt,ADV,5,normal,0.237261252,,,ADVADJ,0.161170213,,ADVADJ,0.062832063,,AUX:pper,AUX
3,Son,DET,1,normal,,0.555390947,,ADVADV,0.1484994,,ADVADV,0.142873643,,AUX:ppre,AUX
3,cadeau,NOU,2,normal,0.790606201,0.147968044,,ADVDET,0.098520992,,ADVDET,0.095403095,,AUX:pres,AUX
3,me,PRO,3,normal,0.231217078,0.766592613,,ADVINT,0.178805237,,ADVINT,0.100947101,,AUX:subp,AUX
3,rend,VER,4,normal,0.656324299,0.241223404,,ADVCON,0.144866114,,ADVCON,0.086856087,,EPE,DET
3,heureux,ADJ,5,normal,0.042561628,,,ADVNOU,0.014567901,,ADVNOU,0.027604528,,DET:art,DET
4,Les,DET,1,normal,,0.555390947,,ADVPRO,0.122148894,,ADVPRO,0.243705244,,DET:def,DET
4,cloches,NOU,2,normal,0.790606201,0.024923632,,ADVPRP,0.156888423,,ADVPRP,0.138369138,,DET:dem,DET
4,ont,VER,3,normal,0.032714167,0.070952513,,ADVVER,0.06095529,,ADVVER,0.101409101,,DET:ind,DET
4,sonné,VER,4,normal,0.067543454,0.430972389,,DETADJ,0.211702128,,DETADJ,0.082137899,,DET:int,DET
4,longtemps,ADV,5,normal,0.237261252,,,DETADV,0.013205282,,DETADV,0.01272559,,DET:par,DET
5,Les,DET,1,normal,,0.555390947,,DETDET,0.070252863,,DETDET,0.06813975,,DET:pos,DET
5,minutes,NOU,2,normal,0.790606201,0.024923632,,DETINT,0.011865794,,DETINT,0.006709857,,DET:pre,DET
5,étaient,VER,3,normal,0.032714167,0.070952513,,DETCON,0.005008669,,DETCON,0.003007867,,PRO:per,PRO
5,passées,VER,4,normal,0.067543454,0.430972389,,DETNOU,0.555390947,,DETNOU,0.790606201,,PRO:clo,PRO
5,rapidement,ADV,5,normal,0.237261252,,,DETPRO,0.011635985,,DETPRO,0.023253124,,PRO:cls,PRO
6,Des,PRP,1,normal,,0.228559671,,DETPRP,0.013357779,,DETPRP,0.011800093,,PRO:clsi,PRO
6,clés,NOU,2,normal,0.39370683,0.147968044,,DETVER,0.000971952,,DETVER,0.001619621,,PRO:dem,PRO
6,se,PRO,3,normal,0.231217078,0.766592613,,INTADJ,0.030319149,,INTADJ,0.012327311,,PRO:ind,PRO
6,perdent,VER,4,normal,0.656324299,0.430972389,,INTADV,0.075030012,,INTADV,0.132837407,,PRO:int,PRO
6,facilement,ADV,5,normal,0.237261252,,,INTDET,0.058444656,,INTDET,0.104144527,,PRO:pos,PRO
7,Ses,DET,1,normal,,0.555390947,,INTINT,0.11497545,,INTINT,0.119447396,,PRO:rel,PRO
7,photos,NOU,2,normal,0.790606201,0.024923632,,INTCON,0.091889809,,INTCON,0.101381509,,PRO:ton,PRO
7,auraient,VER,3,normal,0.032714167,0.070952513,,INTNOU,0.011687243,,INTNOU,0.042082891,,VER:cond,VER
7,été,VER,4,normal,0.067543454,0.241223404,,INTPRO,0.097140211,,INTPRO,0.35664187,,VER:futu,VER
7,jolies,ADJ,5,normal,0.042561628,,,INTPRP,0.059717129,,INTPRP,0.096918172,,VER:impe,VER
8,Tes,DET,1,normal,,0.555390947,,INTVER,0.011177451,,INTVER,0.034218916,,VER:impf,VER
8,chats,NOU,2,normal,0.790606201,0.024923632,,CONADJ,0.028191489,,CONADJ,0.005217977,,VER:infi,VER
8,ont,VER,3,normal,0.032714167,0.430972389,,CONADV,0.086434574,,CONADV,0.121191719,,VER:pper,VER
8,beaucoup,ADV,4,normal,0.237261252,0.06095529,,CONDET,0.069895038,,CONDET,0.098636593,,VER:ppre,VER
8,mangé,VER,5,normal,0.101409101,,,CONINT,0.126022913,,CONINT,0.103686248,,VER:pres,VER
9,Le,DET,1,normal,,0.555390947,,CONCON,0.065112695,,CONCON,0.056892779,,VER:simp,VER
9,skieur,NOU,2,normal,0.790606201,0.024923632,,CONNOU,0.014567901,,CONNOU,0.042417101,,VER:subi,VER
9,est,VER,3,normal,0.032714167,0.430972389,,CONPRO,0.172860947,,CONPRO,0.502608988,,VER:subp,VER
9,sincèrement,ADV,4,normal,0.237261252,0.06095529,,CONPRP,0.044656888,,CONPRP,0.057397744,,VER:trc,VER
9,désolé,VER,5,normal,0.101409101,,,CONVER,0.004929186,,CONVER,0.01195085,,PRP:det,PRP
10,Les,DET,1,normal,,0.555390947,,NOUADJ,0.202393617,,NOUADJ,0.050827095,,PRP:int,PRP
10,maisons,NOU,2,normal,0.790606201,0.024923632,,NOUADV,0.154021609,,NOUADV,0.115516126,,,
10,ont,VER,3,normal,0.032714167,0.070952513,,NOUDET,0.055701336,,NOUDET,0.041863044,,,
10,été,VER,4,normal,0.067543454,0.070952513,,NOUINT,0.240589198,,NOUINT,0.105720359,,,
10,détruites,VER,5,normal,0.067543454,,,NOUCON,0.300712772,,NOUCON,0.136771093,,,
11,Un,DET,1,normal,,0.555390947,,NOUNOU,0.085514403,,NOUNOU,0.04426578,,,
11,homme,NOU,2,normal,0.790606201,0.024923632,,NOUPRO,0.147968044,,NOUPRO,0.231217078,,,
11,avait,VER,3,normal,0.032714167,0.070952513,,NOUPRP,0.350969094,,NOUPRP,0.241105258,,,
11,chanté,VER,4,normal,0.067543454,0.430972389,,NOUVER,0.024923632,,NOUVER,0.032714167,,,
11,fort,ADV,5,normal,0.237261252,,,PROADJ,0.004787234,,PROADJ,0.00053495,,,
12,Cette,PRO,1,normal,,0.004197531,,PROADV,0.045738295,,PROADV,0.02264622,,,
12,dame,NOU,2,normal,0.003566334,0.024923632,,PRODET,0.016698473,,PRODET,0.008321446,,,
12,aurait,VER,3,normal,0.032714167,0.070952513,,PROINT,0.039689034,,PROINT,0.011531146,,,
12,vu,VER,4,normal,0.067543454,0.430972389,,PROCON,0.050471971,,PROCON,0.015572991,,,
12,loin,ADV,5,normal,0.237261252,,,PRONOU,0.004197531,,PRONOU,0.003566334,,,
13,Ce,PRO,1,normal,,0.004197531,,PROPRO,0.261433368,,PROPRO,0.268426058,,,
13,signe,NOU,2,normal,0.003566334,0.147968044,,PROPRP,0.028810896,,PROPRP,0.013076557,,,
13,se,PRO,3,normal,0.231217078,0.766592613,,PROVER,0.766592613,,PROVER,0.656324299,,,
13,reconnaît,VER,4,normal,0.656324299,0.430972389,,PRPADJ,0.108244681,,PRPADJ,0.013558455,,,
13,maintenant,ADV,5,normal,0.237261252,,,PRPADV,0.020288115,,PRPADV,0.021616782,,,
14,Sa,DET,1,normal,,0.555390947,,PRPDET,0.274689885,,PRPDET,0.294576618,,,
14,veste,NOU,2,normal,0.790606201,0.147968044,,PRPINT,0.038666121,,PRPINT,0.024174981,,,
14,me,PRO,3,normal,0.231217078,0.766592613,,PRPCON,0.009439414,,PRPCON,0.006267588,,,
14,va,VER,4,normal,0.656324299,0.430972389,,PRPNOU,0.228559671,,PRPNOU,0.39370683,,,
14,bien,ADV,5,normal,0.237261252,,,PRPPRO,0.04052333,,PRPPRO,0.089536966,,,
15,Ses,DET,1,normal,,0.555390947,,PRPPRP,0.050811943,,PRPPRP,0.049629061,,,
15,attentions,NOU,2,normal,0.790606201,0.147968044,,PRPVER,0.058039433,,PRPVER,0.106932719,,,
15,lui,PRO,3,normal,0.231217078,0.766592613,,VERADJ,0.241223404,,VERADJ,0.042561628,,,
15,font,VER,4,normal,0.656324299,0.029218107,,VERADV,0.430972389,,VERADV,0.237261252,,,
15,plaisir,NOU,5,normal,0.040843302,,,VERDET,0.346851145,,VERDET,0.192188223,,,
16,Mon,DET,1,normal,,0.555390947,,VERINT,0.194967267,,VERINT,0.062983279,,,
16,copain,NOU,2,normal,0.790606201,0.024923632,,VERCON,0.240416105,,VERCON,0.082479677,,,
16,était,VER,3,normal,0.032714167,0.070952513,,VERNOU,0.029218107,,VERNOU,0.040843302,,,
16,parti,VER,4,normal,0.067543454,0.070952513,,VERPRO,0.123769827,,VERPRO,0.141299319,,,
16,hier,VER,5,normal,0.067543454,,,VERPRP,0.26322682,,VERPRP,0.132839865,,,
17,Tes,DET,1,normal,,0.555390947,,VERVER,0.070952513,,VERVER,0.067543454,,,
17,amis,NOU,2,normal,0.790606201,0.147968044,,,,,,,,,
17,se,PRO,3,normal,0.231217078,0.766592613,,,,,,,,,
17,voient,VER,4,normal,0.656324299,0.430972389,,,,,,,,,
17,souvent,ADV,5,normal,0.237261252,,,,,,,,,,
18,Quelques,PRO,1,normal,,0.004197531,,,,,,,,,
18,livres,NOU,2,normal,0.003566334,0.024923632,,,,,,,,,
18,ont,VER,3,normal,0.032714167,0.070952513,,,,,,,,,
18,brûlés,VER,4,normal,0.067543454,0.240416105,,,,,,,,,
18,sinon,CON,5,normal,0.082479677,,,,,,,,,,
19,Certains,PRO,1,normal,,0.004197531,,,,,,,,,
19,portraits,NOU,2,normal,0.003566334,0.147968044,,,,,,,,,
19,me,PRO,3,normal,0.231217078,0.766592613,,,,,,,,,
19,représentent,VER,4,normal,0.656324299,0.430972389,,,,,,,,,
19,vraiment,ADV,5,normal,0.237261252,,,,,,,,,,
20,La,DET,1,normal,,0.555390947,,,,,,,,,
20,porte,NOU,2,normal,0.790606201,0.147968044,,,,,,,,,
20,se,PRO,3,normal,0.231217078,0.766592613,,,,,,,,,
20,ferme,VER,4,normal,0.656324299,0.241223404,,,,,,,,,
20,seule,ADJ,5,normal,0.042561628,,,,,,,,,,
21,Le,DET,1,normal,,0.555390947,,,,,,,,,
21,travail,NOU,2,normal,0.790606201,0.024923632,,,,,,,,,
21,avait,VER,3,normal,0.032714167,0.430972389,,,,,,,,,
21,beaucoup,ADV,4,normal,0.237261252,0.06095529,,,,,,,,,
21,fatigué,VER,5,normal,0.101409101,,,,,,,,,,
22,Les,DET,1,normal,,0.555390947,,,,,,,,,
22,oiseaux,NOU,2,normal,0.790606201,0.024923632,,,,,,,,,
22,ont,VER,3,normal,0.032714167,0.070952513,,,,,,,,,
22,sifflé,VER,4,normal,0.067543454,0.430972389,,,,,,,,,
22,joliment,ADV,5,normal,0.237261252,,,,,,,,,,
23,Un,DET,1,normal,,0.555390947,,,,,,,,,
23,papier,NOU,2,normal,0.790606201,0.147968044,,,,,,,,,
23,se,PRO,3,normal,0.231217078,0.766592613,,,,,,,,,
23,déchire,VER,4,normal,0.656324299,0.430972389,,,,,,,,,
23,ici,ADV,5,normal,0.237261252,,,,,,,,,,
24,Une,DET,1,normal,,0.555390947,,,,,,,,,
24,raison,NOU,2,normal,0.790606201,0.147968044,,,,,,,,,
24,le,PRO,3,normal,0.231217078,0.766592613,,,,,,,,,
24,tourmente,VER,4,normal,0.656324299,0.430972389,,,,,,,,,
24,trop,ADV,5,normal,0.237261252,,,,,,,,,,
25,Des,PRP,1,normal,,0.228559671,,,,,,,,,
25,gens,NOU,2,normal,0.39370683,0.147968044,,,,,,,,,
25,nous,PRO,3,normal,0.231217078,0.766592613,,,,,,,,,
25,amènent,VER,4,normal,0.656324299,0.430972389,,,,,,,,,
25,là,ADV,5,normal,0.237261252,,,,,,,,,,
26,Ce,PRO,1,normal,,0.004197531,,,,,,,,,
26,bateau,NOU,2,normal,0.003566334,0.147968044,,,,,,,,,
26,vous,PRO,3,normal,0.231217078,0.766592613,,,,,,,,,
26,convient,VER,4,normal,0.656324299,0.430972389,,,,,,,,,
26,bien,ADV,5,normal,0.237261252,,,,,,,,,,
27,Ces,PRO,1,normal,,0.004197531,,,,,,,,,
27,feuilles,NOU,2,normal,0.003566334,0.024923632,,,,,,,,,
27,sont,VER,3,normal,0.032714167,0.070952513,,,,,,,,,
27,tombées,VER,4,normal,0.067543454,0.430972389,,,,,,,,,
27,doucement,ADV,5,normal,0.237261252,,,,,,,,,,
28,Ces,PRO,1,normal,,0.004197531,,,,,,,,,
28,rayons,NOU,2,normal,0.003566334,0.147968044,,,,,,,,,
28,se,PRO,3,normal,0.231217078,0.766592613,,,,,,,,,
28,forment,VER,4,normal,0.656324299,0.430972389,,,,,,,,,
28,ici,ADV,5,normal,0.237261252,,,,,,,,,,
29,Ses,DET,1,normal,,0.555390947,,,,,,,,,
29,pieds,NOU,2,normal,0.790606201,0.024923632,,,,,,,,,
29,ont,VER,3,normal,0.032714167,0.070952513,,,,,,,,,
29,été,VER,4,normal,0.067543454,0.070952513,,,,,,,,,
29,soignés,VER,5,normal,0.067543454,,,,,,,,,,
30,Ses,DET,1,normal,,0.555390947,,,,,,,,,
30,mains,NOU,2,normal,0.790606201,0.147968044,,,,,,,,,
30,me,PRO,3,normal,0.231217078,0.766592613,,,,,,,,,
30,tiennent,VER,4,normal,0.656324299,0.430972389,,,,,,,,,
30,tendrement,ADV,5,normal,0.237261252,,,,,,,,,,
31,Ses,DET,1,normal,,0.555390947,,,,,,,,,
31,affaires,NOU,2,normal,0.790606201,0.024923632,,,,,,,,,
31,sont,VER,3,normal,0.032714167,0.430972389,,,,,,,,,
31,correctement,ADV,4,normal,0.237261252,0.06095529,,,,,,,,,
31,tenues,VER,5,normal,0.101409101,,,,,,,,,,
32,Mes,DET,1,normal,,0.555390947,,,,,,,,,
32,livres,NOU,2,normal,0.790606201,0.024923632,,,,,,,,,
32,ont,VER,3,normal,0.032714167,0.070952513,,,,,,,,,
32,été,VER,4,normal,0.067543454,0.070952513,,,,,,,,,
32,lus,VER,5,normal,0.067543454,,,,,,,,,,
33,Ma,DET,1,normal,,0.555390947,,,,,,,,,
33,couette,NOU,2,normal,0.790606201,0.024923632,,,,,,,,,
33,est,VER,3,normal,0.032714167,0.070952513,,,,,,,,,
33,lavée,VER,4,normal,0.067543454,0.430972389,,,,,,,,,
33,aujourd'hui,ADV,5,normal,0.237261252,,,,,,,,,,
34,Mes,DET,1,normal,,0.555390947,,,,,,,,,
34,lettres,NOU,2,normal,0.790606201,0.024923632,,,,,,,,,
34,ont,VER,3,normal,0.032714167,0.070952513,,,,,,,,,
34,été,VER,4,normal,0.067543454,0.070952513,,,,,,,,,
34,envoyées,VER,5,normal,0.067543454,,,,,,,,,,
35,Ton,DET,1,normal,,0.555390947,,,,,,,,,
35,café,NOU,2,normal,0.790606201,0.024923632,,,,,,,,,
35,est,VER,3,normal,0.032714167,0.070952513,,,,,,,,,
35,devenu,VER,4,normal,0.067543454,0.241223404,,,,,,,,,
35,froid,ADJ,5,normal,0.042561628,,,,,,,,,,
36,Ses,DET,1,normal,,0.555390947,,,,,,,,,
36,fleurs,NOU,2,normal,0.790606201,0.024923632,,,,,,,,,
36,sont,VER,3,normal,0.032714167,0.070952513,,,,,,,,,
36,restées,VER,4,normal,0.067543454,0.241223404,,,,,,,,,
36,belles,ADJ,5,normal,0.042561628,,,,,,,,,,
37,Tes,DET,1,normal,,0.555390947,,,,,,,,,
37,cheveux,NOU,2,normal,0.790606201,0.024923632,,,,,,,,,
37,ont,VER,3,normal,0.032714167,0.070952513,,,,,,,,,
37,été,VER,4,normal,0.067543454,0.070952513,,,,,,,,,
37,mouillés,VER,5,normal,0.067543454,,,,,,,,,,
38,Plusieurs,PRO,1,normal,,0.004197531,,,,,,,,,
38,ours,NOU,2,normal,0.003566334,0.147968044,,,,,,,,,
38,se,PRO,3,normal,0.231217078,0.766592613,,,,,,,,,
38,sont,VER,4,normal,0.656324299,0.070952513,,,,,,,,,
38,bousculés,VER,5,normal,0.067543454,,,,,,,,,,
39,Une,DET,1,normal,,0.555390947,,,,,,,,,
39,montagne,NOU,2,normal,0.790606201,0.147968044,,,,,,,,,
39,se,PRO,3,normal,0.231217078,0.766592613,,,,,,,,,
39,monte,VER,4,normal,0.656324299,0.430972389,,,,,,,,,
39,péniblement,ADV,5,normal,0.237261252,,,,,,,,,,
40,Le,DET,1,normal,,0.555390947,,,,,,,,,
40,chaton,NOU,2,normal,0.790606201,0.024923632,,,,,,,,,
40,avait,VER,3,normal,0.032714167,0.430972389,,,,,,,,,
40,bien,ADV,4,normal,0.237261252,0.06095529,,,,,,,,,
40,grandi,VER,5,normal,0.101409101,,,,,,,,,,
41,Parfois,ADV,1,normal,,0.098520992,,,,,,,,,
41,ton,DET,2,normal,0.095403095,0.555390947,,,,,,,,,
41,arbre,NOU,3,normal,0.790606201,0.024923632,,,,,,,,,
41,est,VER,4,normal,0.032714167,0.241223404,,,,,,,,,
41,mignon,ADJ,5,normal,0.042561628,,,,,,,,,,
42,Souvent,ADV,1,normal,,0.098520992,,,,,,,,,
42,la,DET,2,normal,0.095403095,0.555390947,,,,,,,,,
42,rivière,NOU,3,normal,0.790606201,0.024923632,,,,,,,,,
42,coule,VER,4,normal,0.032714167,0.430972389,,,,,,,,,
42,doucement,ADV,5,normal,0.237261252,,,,,,,,,,
43,Quand,CON,1,normal,,0.069895038,,,,,,,,,
43,les,DET,2,normal,0.098636593,0.555390947,,,,,,,,,
43,cascades,NOU,3,normal,0.790606201,0.024923632,,,,,,,,,
43,sont,VER,4,normal,0.032714167,0.241223404,,,,,,,,,
43,bruyantes,ADJ,5,normal,0.042561628,,,,,,,,,,
44,Lorsque,CON,1,normal,,0.069895038,,,,,,,,,
44,le,DET,2,normal,0.098636593,0.555390947,,,,,,,,,
44,mouton,NOU,3,normal,0.790606201,0.024923632,,,,,,,,,
44,dort,VER,4,normal,0.032714167,0.430972389,,,,,,,,,
44,longtemps,ADV,5,normal,0.237261252,,,,,,,,,,
45,Alors,ADV,1,normal,,0.122148894,,,,,,,,,
45,cette,PRO,2,normal,0.243705244,0.004197531,,,,,,,,,
45,horloge,NOU,3,normal,0.003566334,0.024923632,,,,,,,,,
45,tourne,VER,4,normal,0.032714167,0.430972389,,,,,,,,,
45,mal,ADV,5,normal,0.237261252,,,,,,,,,,
46,Comme,ADV,1,normal,,0.122148894,,,,,,,,,
46,ces,PRO,2,normal,0.243705244,0.004197531,,,,,,,,,
46,affiches,NOU,3,normal,0.003566334,0.024923632,,,,,,,,,
46,collent,VER,4,normal,0.032714167,0.430972389,,,,,,,,,
46,bien,ADV,5,normal,0.237261252,,,,,,,,,,
47,Et,CON,1,normal,,0.069895038,,,,,,,,,
47,un,DET,2,normal,0.098636593,0.555390947,,,,,,,,,
47,trajet,NOU,3,normal,0.790606201,0.024923632,,,,,,,,,
47,fatigue,VER,4,normal,0.032714167,0.430972389,,,,,,,,,
47,tellement,ADV,5,normal,0.237261252,,,,,,,,,,
48,Donc,ADV,1,normal,,0.098520992,,,,,,,,,
48,une,DET,2,normal,0.095403095,0.555390947,,,,,,,,,
48,girafe,NOU,3,normal,0.790606201,0.024923632,,,,,,,,,
48,mange,VER,4,normal,0.032714167,0.430972389,,,,,,,,,
48,peu,ADV,5,normal,0.237261252,,,,,,,,,,
49,Ainsi,ADV,1,normal,,0.098520992,,,,,,,,,
49,les,DET,2,normal,0.095403095,0.555390947,,,,,,,,,
49,enfants,NOU,3,normal,0.790606201,0.024923632,,,,,,,,,
49,dessinent,VER,4,normal,0.032714167,0.430972389,,,,,,,,,
49,calmement,ADV,5,normal,0.237261252,,,,,,,,,,
50,Et,CON,1,normal,,0.172860947,,,,,,,,,
50,certains,PRO,2,normal,0.502608988,0.004197531,,,,,,,,,
50,animaux,NOU,3,normal,0.003566334,0.024923632,,,,,,,,,
50,vivent,VER,4,normal,0.032714167,0.241223404,,,,,,,,,
50,vieux,ADJ,5,normal,0.042561628,,,,,,,,,,
51,Or,NOU,1,normal,,0.147968044,,,,,,,,,
51,plusieurs,PRO,2,normal,0.231217078,0.004197531,,,,,,,,,
51,rats,NOU,3,normal,0.003566334,0.024923632,,,,,,,,,
51,passent,VER,4,normal,0.032714167,0.430972389,,,,,,,,,
51,souvent,ADV,5,normal,0.237261252,,,,,,,,,,
52,Car,CON,1,normal,,0.172860947,,,,,,,,,
52,quelques,PRO,2,normal,0.502608988,0.004197531,,,,,,,,,
52,papillons,NOU,3,normal,0.003566334,0.024923632,,,,,,,,,
52,sortent,VER,4,normal,0.032714167,0.430972389,,,,,,,,,
52,ici,ADV,5,normal,0.237261252,,,,,,,,,,
53,Aussi,ADV,1,normal,,0.098520992,,,,,,,,,
53,les,DET,2,normal,0.095403095,0.555390947,,,,,,,,,
53,vestes,NOU,3,normal,0.790606201,0.024923632,,,,,,,,,
53,ferment,VER,4,normal,0.032714167,0.430972389,,,,,,,,,
53,mal,ADV,5,normal,0.237261252,,,,,,,,,,
54,Enfin,ADV,1,normal,,0.122148894,,,,,,,,,
54,cet,PRO,2,normal,0.243705244,0.004197531,,,,,,,,,
54,ogre,NOU,3,normal,0.003566334,0.024923632,,,,,,,,,
54,range,VER,4,normal,0.032714167,0.430972389,,,,,,,,,
54,bien,ADV,5,normal,0.237261252,,,,,,,,,,
55,Puisque,CON,1,normal,,0.069895038,,,,,,,,,
55,ses,DET,2,normal,0.098636593,0.555390947,,,,,,,,,
55,travaux,NOU,3,normal,0.790606201,0.024923632,,,,,,,,,
55,sont,VER,4,normal,0.032714167,0.241223404,,,,,,,,,
55,chers,ADJ,5,normal,0.042561628,,,,,,,,,,
56,Ensuite,ADV,1,normal,,0.098520992,,,,,,,,,
56,son,DET,2,normal,0.095403095,0.555390947,,,,,,,,,
56,bureau,NOU,3,normal,0.790606201,0.024923632,,,,,,,,,
56,semble,VER,4,normal,0.032714167,0.241223404,,,,,,,,,
56,propre,ADJ,5,normal,0.042561628,,,,,,,,,,
57,Néanmoins,ADV,1,normal,,0.098520992,,,,,,,,,
57,les,DET,2,normal,0.095403095,0.555390947,,,,,,,,,
57,enceintes,NOU,3,normal,0.790606201,0.024923632,,,,,,,,,
57,sont,VER,4,normal,0.032714167,0.241223404,,,,,,,,,
57,rondes,ADJ,5,normal,0.042561628,,,,,,,,,,
58,Puis,ADV,1,normal,,0.122148894,,,,,,,,,
58,ces,PRO,2,normal,0.243705244,0.004197531,,,,,,,,,
58,fleurs,NOU,3,normal,0.003566334,0.024923632,,,,,,,,,
58,poussent,VER,4,normal,0.032714167,0.430972389,,,,,,,,,
58,vite,ADV,5,normal,0.237261252,,,,,,,,,,
59,Pourtant,ADV,1,normal,,0.122148894,,,,,,,,,
59,cet,PRO,2,normal,0.243705244,0.004197531,,,,,,,,,
59,homme,NOU,3,normal,0.003566334,0.024923632,,,,,,,,,
59,est,VER,4,normal,0.032714167,0.241223404,,,,,,,,,
59,mystérieux,ADJ,5,normal,0.042561628,,,,,,,,,,
60,Aussi,ADV,1,normal,,0.098520992,,,,,,,,,
60,son,DET,2,normal,0.095403095,0.555390947,,,,,,,,,
60,livre,NOU,3,normal,0.790606201,0.024923632,,,,,,,,,
60,sert,VER,4,normal,0.032714167,0.430972389,,,,,,,,,
60,parfois,ADV,5,normal,0.237261252,,,,,,,,,,
61,Toutefois,ADV,1,normal,,0.098520992,,,,,,,,,
61,le,DET,2,normal,0.095403095,0.555390947,,,,,,,,,
61,loup,NOU,3,normal,0.790606201,0.024923632,,,,,,,,,
61,devient,VER,4,normal,0.032714167,0.241223404,,,,,,,,,
61,libre,ADJ,5,normal,0.042561628,,,,,,,,,,
62,Sinon,CON,1,normal,,0.069895038,,,,,,,,,
62,une,DET,2,normal,0.098636593,0.555390947,,,,,,,,,
62,lumière,NOU,3,normal,0.790606201,0.024923632,,,,,,,,,
62,éblouit,VER,4,normal,0.032714167,0.430972389,,,,,,,,,
62,moins,ADV,5,normal,0.237261252,,,,,,,,,,
63,Cependant,ADV,1,normal,,0.122148894,,,,,,,,,
63,cette,PRO,2,normal,0.243705244,0.004197531,,,,,,,,,
63,robe,NOU,3,normal,0.003566334,0.024923632,,,,,,,,,
63,est,VER,4,normal,0.032714167,0.241223404,,,,,,,,,
63,classique,ADJ,5,normal,0.042561628,,,,,,,,,,
64,Vraiment,ADV,1,normal,,0.122148894,,,,,,,,,
64,ce,PRO,2,normal,0.243705244,0.004197531,,,,,,,,,
64,cochon,NOU,3,normal,0.003566334,0.024923632,,,,,,,,,
64,mange,VER,4,normal,0.032714167,0.430972389,,,,,,,,,
64,lentement,ADV,5,normal,0.237261252,,,,,,,,,,
65,Si,ADV,1,normal,,0.098520992,,,,,,,,,
65,tes,DET,2,normal,0.095403095,0.555390947,,,,,,,,,
65,clés,NOU,3,normal,0.790606201,0.024923632,,,,,,,,,
65,sont,VER,4,normal,0.032714167,0.070952513,,,,,,,,,
65,rouillées,VER,5,normal,0.067543454,,,,,,,,,,
66,Ainsi,ADV,1,normal,,0.098520992,,,,,,,,,
66,un,DET,2,normal,0.095403095,0.555390947,,,,,,,,,
66,mur,NOU,3,normal,0.790606201,0.024923632,,,,,,,,,
66,cache,VER,4,normal,0.032714167,0.430972389,,,,,,,,,
66,tout,ADV,5,normal,0.237261252,,,,,,,,,,
67,Enfin,ADV,1,normal,,0.098520992,,,,,,,,,
67,les,DET,2,normal,0.095403095,0.555390947,,,,,,,,,
67,biscuits,NOU,3,normal,0.790606201,0.024923632,,,,,,,,,
67,cuisent,VER,4,normal,0.032714167,0.430972389,,,,,,,,,
67,rapidement,ADV,5,normal,0.237261252,,,,,,,,,,
68,Finalement,ADV,1,normal,,0.098520992,,,,,,,,,
68,la,DET,2,normal,0.095403095,0.555390947,,,,,,,,,
68,ville,NOU,3,normal,0.790606201,0.024923632,,,,,,,,,
68,est,VER,4,normal,0.032714167,0.241223404,,,,,,,,,
68,vide,ADJ,5,normal,0.042561628,,,,,,,,,,
69,Or,CON,1,normal,,0.069895038,,,,,,,,,
69,le,DET,2,normal,0.098636593,0.555390947,,,,,,,,,
69,lutin,NOU,3,normal,0.790606201,0.024923632,,,,,,,,,
69,travaille,VER,4,normal,0.032714167,0.241223404,,,,,,,,,
69,seul,ADJ,5,normal,0.042561628,,,,,,,,,,
70,Alors,ADV,1,normal,,0.122148894,,,,,,,,,
70,ce,PRO,2,normal,0.243705244,0.004197531,,,,,,,,,
70,toit,NOU,3,normal,0.003566334,0.024923632,,,,,,,,,
70,glisse,VER,4,normal,0.032714167,0.430972389,,,,,,,,,
70,fortement,ADV,5,normal,0.237261252,,,,,,,,,,
71,Comme,ADV,1,normal,,0.098520992,,,,,,,,,
71,une,DET,2,normal,0.095403095,0.555390947,,,,,,,,,
71,heure,NOU,3,normal,0.790606201,0.024923632,,,,,,,,,
71,annonce,VER,4,normal,0.032714167,0.123769827,,,,,,,,,
71,cela,PRO,5,normal,0.141299319,,,,,,,,,,
72,Des,PRP,1,normal,,0.108244681,,,,,,,,,
72,grosses,ADJ,2,normal,0.013558455,0.056296296,,,,,,,,,
72,tomates,NOU,3,normal,0.414676259,0.024923632,,,,,,,,,
72,tombent,VER,4,normal,0.032714167,0.430972389,,,,,,,,,
72,pourtant,ADV,5,normal,0.237261252,,,,,,,,,,
73,Puis,ADV,1,normal,,0.098520992,,,,,,,,,
73,un,DET,2,normal,0.095403095,0.555390947,,,,,,,,,
73,lion,NOU,3,normal,0.790606201,0.024923632,,,,,,,,,
73,casse,VER,4,normal,0.032714167,0.123769827,,,,,,,,,
73,ceci,PRO,5,normal,0.141299319,,,,,,,,,,
74,Car,CON,1,normal,,0.172860947,,,,,,,,,
74,cette,PRO,2,normal,0.502608988,0.004197531,,,,,,,,,
74,feuille,NOU,3,normal,0.003566334,0.024923632,,,,,,,,,
74,sent,VER,4,normal,0.032714167,0.241223404,,,,,,,,,
74,bon,ADJ,5,normal,0.042561628,,,,,,,,,,
75,Si,CON,1,normal,,0.069895038,,,,,,,,,
75,ses,DET,2,normal,0.098636593,0.555390947,,,,,,,,,
75,chaussettes,NOU,3,normal,0.790606201,0.024923632,,,,,,,,,
75,sont,VER,4,normal,0.032714167,0.241223404,,,,,,,,,
75,identiques,ADJ,5,normal,0.042561628,,,,,,,,,,
76,Sinon,CON,1,normal,,0.069895038,,,,,,,,,
76,son,DET,2,normal,0.098636593,0.555390947,,,,,,,,,
76,papier,NOU,3,normal,0.790606201,0.024923632,,,,,,,,,
76,devient,VER,4,normal,0.032714167,0.241223404,,,,,,,,,
76,transparent,ADJ,5,normal,0.042561628,,,,,,,,,,
77,Mais,CON,1,normal,,0.069895038,,,,,,,,,
77,ta,DET,2,normal,0.098636593,0.555390947,,,,,,,,,
77,vitre,NOU,3,normal,0.790606201,0.024923632,,,,,,,,,
77,sera,VER,4,normal,0.032714167,0.070952513,,,,,,,,,
77,réparée,VER,5,normal,0.067543454,,,,,,,,,,
78,Donc,ADV,1,normal,,0.098520992,,,,,,,,,
78,ses,DET,2,normal,0.095403095,0.555390947,,,,,,,,,
78,voisins,NOU,3,normal,0.790606201,0.024923632,,,,,,,,,
78,étaient,VER,4,normal,0.032714167,0.241223404,,,,,,,,,
78,proches,ADJ,5,normal,0.042561628,,,,,,,,,,
79,Quand,CON,1,normal,,0.172860947,,,,,,,,,
79,certains,PRO,2,normal,0.502608988,0.004197531,,,,,,,,,
79,oiseaux,NOU,3,normal,0.003566334,0.024923632,,,,,,,,,
79,chantent,VER,4,normal,0.032714167,0.241223404,,,,,,,,,
79,faux,ADJ,5,normal,0.042561628,,,,,,,,,,
80,Lorsque,CON,1,normal,,0.069895038,,,,,,,,,
80,sa,DET,2,normal,0.098636593,0.555390947,,,,,,,,,
80,guitare,NOU,3,normal,0.790606201,0.024923632,,,,,,,,,
80,sonne,VER,4,normal,0.032714167,0.430972389,,,,,,,,,
80,fort,ADV,5,normal,0.237261252,,,,,,,,,,
81,La,DET,1,across23,,0.000971952,,,,,,,,,
81,sera,VER,2,across23,0.001619621,0.029218107,,,,,,,,,
81,chambre,NOU,3,across23,0.040843302,0.154021609,,,,,,,,,
81,mal,ADV,4,across23,0.115516126,0.06095529,,,,,,,,,
81,organisée,VER,5,across23,0.101409101,,,,,,,,,,
82,La,DET,1,across23,,0.011635985,,,,,,,,,
82,se,PRO,2,across23,0.023253124,0.004197531,,,,,,,,,
82,fille,NOU,3,across23,0.003566334,0.024923632,,,,,,,,,
82,lève,VER,4,across23,0.032714167,0.430972389,,,,,,,,,
82,tôt,ADV,5,across23,0.237261252,,,,,,,,,,
83,Son,DET,1,across23,,0.011635985,,,,,,,,,
83,me,PRO,2,across23,0.023253124,0.004197531,,,,,,,,,
83,cadeau,NOU,3,across23,0.003566334,0.024923632,,,,,,,,,
83,rend,VER,4,across23,0.032714167,0.241223404,,,,,,,,,
83,heureux,ADJ,5,across23,0.042561628,,,,,,,,,,
84,Les,DET,1,across23,,0.000971952,,,,,,,,,
84,ont,VER,2,across23,0.001619621,0.029218107,,,,,,,,,
84,cloches,NOU,3,across23,0.040843302,0.024923632,,,,,,,,,
84,sonné,VER,4,across23,0.032714167,0.430972389,,,,,,,,,
84,longtemps,ADV,5,across23,0.237261252,,,,,,,,,,
85,Les,DET,1,across23,,0.000971952,,,,,,,,,
85,étaient,VER,2,across23,0.001619621,0.029218107,,,,,,,,,
85,minutes,NOU,3,across23,0.040843302,0.024923632,,,,,,,,,
85,passées,VER,4,across23,0.032714167,0.430972389,,,,,,,,,
85,rapidement,ADV,5,across23,0.237261252,,,,,,,,,,
86,Des,PRP,1,across23,,0.04052333,,,,,,,,,
86,se,PRO,2,across23,0.089536966,0.004197531,,,,,,,,,
86,clés,NOU,3,across23,0.003566334,0.024923632,,,,,,,,,
86,perdent,VER,4,across23,0.032714167,0.430972389,,,,,,,,,
86,facilement,ADV,5,across23,0.237261252,,,,,,,,,,
87,Ses,DET,1,across23,,0.000971952,,,,,,,,,
87,auraient,VER,2,across23,0.001619621,0.029218107,,,,,,,,,
87,photos,NOU,3,across23,0.040843302,0.024923632,,,,,,,,,
87,été,VER,4,across23,0.032714167,0.241223404,,,,,,,,,
87,jolies,ADJ,5,across23,0.042561628,,,,,,,,,,
88,Tes,DET,1,across23,,0.000971952,,,,,,,,,
88,ont,VER,2,across23,0.001619621,0.029218107,,,,,,,,,
88,chats,NOU,3,across23,0.040843302,0.154021609,,,,,,,,,
88,beaucoup,ADV,4,across23,0.115516126,0.06095529,,,,,,,,,
88,mangé,VER,5,across23,0.101409101,,,,,,,,,,
89,Le,DET,1,across23,,0.000971952,,,,,,,,,
89,est,VER,2,across23,0.001619621,0.029218107,,,,,,,,,
89,skieur,NOU,3,across23,0.040843302,0.154021609,,,,,,,,,
89,sincèrement,ADV,4,across23,0.115516126,0.06095529,,,,,,,,,
89,désolé,VER,5,across23,0.101409101,,,,,,,,,,
90,Les,DET,1,across23,,0.000971952,,,,,,,,,
90,ont,VER,2,across23,0.001619621,0.029218107,,,,,,,,,
90,maisons,NOU,3,across23,0.040843302,0.024923632,,,,,,,,,
90,été,VER,4,across23,0.032714167,0.070952513,,,,,,,,,
90,détruites,VER,5,across23,0.067543454,,,,,,,,,,
91,Un,DET,1,across23,,0.000971952,,,,,,,,,
91,avait,VER,2,across23,0.001619621,0.029218107,,,,,,,,,
91,homme,NOU,3,across23,0.040843302,0.024923632,,,,,,,,,
91,chanté,VER,4,across23,0.032714167,0.430972389,,,,,,,,,
91,fort,ADV,5,across23,0.237261252,,,,,,,,,,
92,Cette,PRO,1,across23,,0.766592613,,,,,,,,,
92,aurait,VER,2,across23,0.656324299,0.029218107,,,,,,,,,
92,dame,NOU,3,across23,0.040843302,0.024923632,,,,,,,,,
92,vu,VER,4,across23,0.032714167,0.430972389,,,,,,,,,
92,loin,ADV,5,across23,0.237261252,,,,,,,,,,
93,Ce,PRO,1,across23,,0.261433368,,,,,,,,,
93,se,PRO,2,across23,0.268426058,0.004197531,,,,,,,,,
93,signe,NOU,3,across23,0.003566334,0.024923632,,,,,,,,,
93,reconnaît,VER,4,across23,0.032714167,0.430972389,,,,,,,,,
93,maintenant,ADV,5,across23,0.237261252,,,,,,,,,,
94,Sa,DET,1,across23,,0.011635985,,,,,,,,,
94,me,PRO,2,across23,0.023253124,0.004197531,,,,,,,,,
94,veste,NOU,3,across23,0.003566334,0.024923632,,,,,,,,,
94,va,VER,4,across23,0.032714167,0.430972389,,,,,,,,,
94,bien,ADV,5,across23,0.237261252,,,,,,,,,,
95,Ses,DET,1,across23,,0.011635985,,,,,,,,,
95,lui,PRO,2,across23,0.023253124,0.004197531,,,,,,,,,
95,attentions,NOU,3,across23,0.003566334,0.024923632,,,,,,,,,
95,font,VER,4,across23,0.032714167,0.029218107,,,,,,,,,
95,plaisir,NOU,5,across23,0.040843302,,,,,,,,,,
96,Mon,DET,1,across23,,0.000971952,,,,,,,,,
96,était,VER,2,across23,0.001619621,0.029218107,,,,,,,,,
96,copain,NOU,3,across23,0.040843302,0.024923632,,,,,,,,,
96,parti,VER,4,across23,0.032714167,0.070952513,,,,,,,,,
96,hier,VER,5,across23,0.067543454,,,,,,,,,,
97,Tes,DET,1,across23,,0.011635985,,,,,,,,,
97,se,PRO,2,across23,0.023253124,0.004197531,,,,,,,,,
97,amis,NOU,3,across23,0.003566334,0.024923632,,,,,,,,,
97,voient,VER,4,across23,0.032714167,0.430972389,,,,,,,,,
97,souvent,ADV,5,across23,0.237261252,,,,,,,,,,
98,Quelques,PRO,1,across23,,0.766592613,,,,,,,,,
98,ont,VER,2,across23,0.656324299,0.029218107,,,,,,,,,
98,livres,NOU,3,across23,0.040843302,0.024923632,,,,,,,,,
98,brûlés,VER,4,across23,0.032714167,0.240416105,,,,,,,,,
98,sinon,CON,5,across23,0.082479677,,,,,,,,,,
99,Certains,PRO,1,across23,,0.261433368,,,,,,,,,
99,me,PRO,2,across23,0.268426058,0.004197531,,,,,,,,,
99,portraits,NOU,3,across23,0.003566334,0.024923632,,,,,,,,,
99,représentent,VER,4,across23,0.032714167,0.430972389,,,,,,,,,
99,vraiment,ADV,5,across23,0.237261252,,,,,,,,,,
100,La,DET,1,across23,,0.011635985,,,,,,,,,
100,se,PRO,2,across23,0.023253124,0.004197531,,,,,,,,,
100,porte,NOU,3,across23,0.003566334,0.024923632,,,,,,,,,
100,ferme,VER,4,across23,0.032714167,0.241223404,,,,,,,,,
100,seule,ADJ,5,across23,0.042561628,,,,,,,,,,
101,Le,DET,1,across23,,0.000971952,,,,,,,,,
101,avait,VER,2,across23,0.001619621,0.029218107,,,,,,,,,
101,travail,NOU,3,across23,0.040843302,0.154021609,,,,,,,,,
101,beaucoup,ADV,4,across23,0.115516126,0.06095529,,,,,,,,,
101,fatigué,VER,5,across23,0.101409101,,,,,,,,,,
102,Les,DET,1,across23,,0.000971952,,,,,,,,,
102,ont,VER,2,across23,0.001619621,0.029218107,,,,,,,,,
102,oiseaux,NOU,3,across23,0.040843302,0.024923632,,,,,,,,,
102,sifflé,VER,4,across23,0.032714167,0.430972389,,,,,,,,,
102,joliment,ADV,5,across23,0.237261252,,,,,,,,,,
103,Un,DET,1,across23,,0.011635985,,,,,,,,,
103,se,PRO,2,across23,0.023253124,0.004197531,,,,,,,,,
103,papier,NOU,3,across23,0.003566334,0.024923632,,,,,,,,,
103,déchire,VER,4,across23,0.032714167,0.430972389,,,,,,,,,
103,ici,ADV,5,across23,0.237261252,,,,,,,,,,
104,Une,DET,1,across23,,0.011635985,,,,,,,,,
104,le,PRO,2,across23,0.023253124,0.004197531,,,,,,,,,
104,raison,NOU,3,across23,0.003566334,0.024923632,,,,,,,,,
104,tourmente,VER,4,across23,0.032714167,0.430972389,,,,,,,,,
104,trop,ADV,5,across23,0.237261252,,,,,,,,,,
105,Des,PRP,1,across23,,0.04052333,,,,,,,,,
105,nous,PRO,2,across23,0.089536966,0.004197531,,,,,,,,,
105,gens,NOU,3,across23,0.003566334,0.024923632,,,,,,,,,
105,amènent,VER,4,across23,0.032714167,0.430972389,,,,,,,,,
105,là,ADV,5,across23,0.237261252,,,,,,,,,,
106,Ce,PRO,1,across23,,0.261433368,,,,,,,,,
106,vous,PRO,2,across23,0.268426058,0.004197531,,,,,,,,,
106,bateau,NOU,3,across23,0.003566334,0.024923632,,,,,,,,,
106,convient,VER,4,across23,0.032714167,0.430972389,,,,,,,,,
106,bien,ADV,5,across23,0.237261252,,,,,,,,,,
107,Ces,PRO,1,across23,,0.766592613,,,,,,,,,
107,sont,VER,2,across23,0.656324299,0.029218107,,,,,,,,,
107,feuilles,NOU,3,across23,0.040843302,0.024923632,,,,,,,,,
107,tombées,VER,4,across23,0.032714167,0.430972389,,,,,,,,,
107,doucement,ADV,5,across23,0.237261252,,,,,,,,,,
108,Ces,PRO,1,across23,,0.261433368,,,,,,,,,
108,se,PRO,2,across23,0.268426058,0.004197531,,,,,,,,,
108,rayons,NOU,3,across23,0.003566334,0.024923632,,,,,,,,,
108,forment,VER,4,across23,0.032714167,0.430972389,,,,,,,,,
108,ici,ADV,5,across23,0.237261252,,,,,,,,,,
109,Ses,DET,1,across23,,0.000971952,,,,,,,,,
109,ont,VER,2,across23,0.001619621,0.029218107,,,,,,,,,
109,pieds,NOU,3,across23,0.040843302,0.024923632,,,,,,,,,
109,été,VER,4,across23,0.032714167,0.070952513,,,,,,,,,
109,soignés,VER,5,across23,0.067543454,,,,,,,,,,
110,Ses,DET,1,across23,,0.011635985,,,,,,,,,
110,me,PRO,2,across23,0.023253124,0.004197531,,,,,,,,,
110,mains,NOU,3,across23,0.003566334,0.024923632,,,,,,,,,
110,tiennent,VER,4,across23,0.032714167,0.430972389,,,,,,,,,
110,tendrement,ADV,5,across23,0.237261252,,,,,,,,,,
111,Ses,DET,1,across23,,0.000971952,,,,,,,,,
111,sont,VER,2,across23,0.001619621,0.029218107,,,,,,,,,
111,affaires,NOU,3,across23,0.040843302,0.154021609,,,,,,,,,
111,correctement,ADV,4,across23,0.115516126,0.06095529,,,,,,,,,
111,tenues,VER,5,across23,0.101409101,,,,,,,,,,
112,Mes,DET,1,across23,,0.000971952,,,,,,,,,
112,ont,VER,2,across23,0.001619621,0.029218107,,,,,,,,,
112,livres,NOU,3,across23,0.040843302,0.024923632,,,,,,,,,
112,été,VER,4,across23,0.032714167,0.070952513,,,,,,,,,
112,lus,VER,5,across23,0.067543454,,,,,,,,,,
113,Ma,DET,1,across23,,0.000971952,,,,,,,,,
113,est,VER,2,across23,0.001619621,0.029218107,,,,,,,,,
113,couette,NOU,3,across23,0.040843302,0.024923632,,,,,,,,,
113,lavée,VER,4,across23,0.032714167,0.430972389,,,,,,,,,
113,aujourd'hui,ADV,5,across23,0.237261252,,,,,,,,,,
114,Mes,DET,1,across23,,0.000971952,,,,,,,,,
114,ont,VER,2,across23,0.001619621,0.029218107,,,,,,,,,
114,lettres,NOU,3,across23,0.040843302,0.024923632,,,,,,,,,
114,été,VER,4,across23,0.032714167,0.070952513,,,,,,,,,
114,envoyées,VER,5,across23,0.067543454,,,,,,,,,,
115,Ton,DET,1,across23,,0.000971952,,,,,,,,,
115,est,VER,2,across23,0.001619621,0.029218107,,,,,,,,,
115,café,NOU,3,across23,0.040843302,0.024923632,,,,,,,,,
115,devenu,VER,4,across23,0.032714167,0.241223404,,,,,,,,,
115,froid,ADJ,5,across23,0.042561628,,,,,,,,,,
116,Ses,DET,1,across23,,0.000971952,,,,,,,,,
116,sont,VER,2,across23,0.001619621,0.029218107,,,,,,,,,
116,fleurs,NOU,3,across23,0.040843302,0.024923632,,,,,,,,,
116,restées,VER,4,across23,0.032714167,0.241223404,,,,,,,,,
116,belles,ADJ,5,across23,0.042561628,,,,,,,,,,
117,Tes,DET,1,across23,,0.000971952,,,,,,,,,
117,ont,VER,2,across23,0.001619621,0.029218107,,,,,,,,,
117,cheveux,NOU,3,across23,0.040843302,0.024923632,,,,,,,,,
117,été,VER,4,across23,0.032714167,0.070952513,,,,,,,,,
117,mouillés,VER,5,across23,0.067543454,,,,,,,,,,
118,Plusieurs,PRO,1,across23,,0.261433368,,,,,,,,,
118,se,PRO,2,across23,0.268426058,0.004197531,,,,,,,,,
118,ours,NOU,3,across23,0.003566334,0.024923632,,,,,,,,,
118,sont,VER,4,across23,0.032714167,0.070952513,,,,,,,,,
118,bousculés,VER,5,across23,0.067543454,,,,,,,,,,
119,Une,DET,1,across23,,0.011635985,,,,,,,,,
119,se,PRO,2,across23,0.023253124,0.004197531,,,,,,,,,
119,montagne,NOU,3,across23,0.003566334,0.024923632,,,,,,,,,
119,monte,VER,4,across23,0.032714167,0.430972389,,,,,,,,,
119,péniblement,ADV,5,across23,0.237261252,,,,,,,,,,
120,Le,DET,1,across23,,0.000971952,,,,,,,,,
120,avait,VER,2,across23,0.001619621,0.029218107,,,,,,,,,
120,chaton,NOU,3,across23,0.040843302,0.154021609,,,,,,,,,
120,bien,ADV,4,across23,0.115516126,0.06095529,,,,,,,,,
120,grandi,VER,5,across23,0.101409101,,,,,,,,,,
121,Parfois,ADV,1,within23,,0.014567901,,,,,,,,,
121,arbre,NOU,2,within23,0.027604528,0.055701336,,,,,,,,,
121,ton,DET,3,within23,0.041863044,0.000971952,,,,,,,,,
121,est,VER,4,within23,0.001619621,0.241223404,,,,,,,,,
121,mignon,ADJ,5,within23,0.042561628,,,,,,,,,,
122,Souvent,ADV,1,within23,,0.014567901,,,,,,,,,
122,rivière,NOU,2,within23,0.027604528,0.055701336,,,,,,,,,
122,la,DET,3,within23,0.041863044,0.000971952,,,,,,,,,
122,coule,VER,4,within23,0.001619621,0.430972389,,,,,,,,,
122,doucement,ADV,5,within23,0.237261252,,,,,,,,,,
123,Quand,CON,1,within23,,0.014567901,,,,,,,,,
123,cascades,NOU,2,within23,0.042417101,0.055701336,,,,,,,,,
123,les,DET,3,within23,0.041863044,0.000971952,,,,,,,,,
123,sont,VER,4,within23,0.001619621,0.241223404,,,,,,,,,
123,bruyantes,ADJ,5,within23,0.042561628,,,,,,,,,,
124,Lorsque,CON,1,within23,,0.014567901,,,,,,,,,
124,mouton,NOU,2,within23,0.042417101,0.055701336,,,,,,,,,
124,le,DET,3,within23,0.041863044,0.000971952,,,,,,,,,
124,dort,VER,4,within23,0.001619621,0.430972389,,,,,,,,,
124,longtemps,ADV,5,within23,0.237261252,,,,,,,,,,
125,Alors,ADV,1,within23,,0.014567901,,,,,,,,,
125,horloge,NOU,2,within23,0.027604528,0.147968044,,,,,,,,,
125,cette,PRO,3,within23,0.231217078,0.766592613,,,,,,,,,
125,tourne,VER,4,within23,0.656324299,0.430972389,,,,,,,,,
125,mal,ADV,5,within23,0.237261252,,,,,,,,,,
126,Comme,ADV,1,within23,,0.014567901,,,,,,,,,
126,affiches,NOU,2,within23,0.027604528,0.147968044,,,,,,,,,
126,ces,PRO,3,within23,0.231217078,0.766592613,,,,,,,,,
126,collent,VER,4,within23,0.656324299,0.430972389,,,,,,,,,
126,bien,ADV,5,within23,0.237261252,,,,,,,,,,
127,Et,CON,1,within23,,0.014567901,,,,,,,,,
127,trajet,NOU,2,within23,0.042417101,0.055701336,,,,,,,,,
127,un,DET,3,within23,0.041863044,0.000971952,,,,,,,,,
127,fatigue,VER,4,within23,0.001619621,0.430972389,,,,,,,,,
127,tellement,ADV,5,within23,0.237261252,,,,,,,,,,
128,Donc,ADV,1,within23,,0.014567901,,,,,,,,,
128,girafe,NOU,2,within23,0.027604528,0.055701336,,,,,,,,,
128,une,DET,3,within23,0.041863044,0.000971952,,,,,,,,,
128,mange,VER,4,within23,0.001619621,0.430972389,,,,,,,,,
128,peu,ADV,5,within23,0.237261252,,,,,,,,,,
129,Ainsi,ADV,1,within23,,0.014567901,,,,,,,,,
129,enfants,NOU,2,within23,0.027604528,0.055701336,,,,,,,,,
129,les,DET,3,within23,0.041863044,0.000971952,,,,,,,,,
129,dessinent,VER,4,within23,0.001619621,0.430972389,,,,,,,,,
129,calmement,ADV,5,within23,0.237261252,,,,,,,,,,
130,Et,CON,1,within23,,0.014567901,,,,,,,,,
130,animaux,NOU,2,within23,0.042417101,0.147968044,,,,,,,,,
130,certains,PRO,3,within23,0.231217078,0.766592613,,,,,,,,,
130,vivent,VER,4,within23,0.656324299,0.241223404,,,,,,,,,
130,vieux,ADJ,5,within23,0.042561628,,,,,,,,,,
131,Or,NOU,1,within23,,0.085514403,,,,,,,,,
131,rats,NOU,2,within23,0.04426578,0.147968044,,,,,,,,,
131,plusieurs,PRO,3,within23,0.231217078,0.766592613,,,,,,,,,
131,passent,VER,4,within23,0.656324299,0.430972389,,,,,,,,,
131,souvent,ADV,5,within23,0.237261252,,,,,,,,,,
132,Car,CON,1,within23,,0.014567901,,,,,,,,,
132,papillons,NOU,2,within23,0.042417101,0.147968044,,,,,,,,,
132,quelques,PRO,3,within23,0.231217078,0.766592613,,,,,,,,,
132,sortent,VER,4,within23,0.656324299,0.430972389,,,,,,,,,
132,ici,ADV,5,within23,0.237261252,,,,,,,,,,
133,Aussi,ADV,1,within23,,0.014567901,,,,,,,,,
133,vestes,NOU,2,within23,0.027604528,0.055701336,,,,,,,,,
133,les,DET,3,within23,0.041863044,0.000971952,,,,,,,,,
133,ferment,VER,4,within23,0.001619621,0.430972389,,,,,,,,,
133,mal,ADV,5,within23,0.237261252,,,,,,,,,,
134,Enfin,ADV,1,within23,,0.014567901,,,,,,,,,
134,ogre,NOU,2,within23,0.027604528,0.147968044,,,,,,,,,
134,cet,PRO,3,within23,0.231217078,0.766592613,,,,,,,,,
134,range,VER,4,within23,0.656324299,0.430972389,,,,,,,,,
134,bien,ADV,5,within23,0.237261252,,,,,,,,,,
135,Puisque,CON,1,within23,,0.014567901,,,,,,,,,
135,travaux,NOU,2,within23,0.042417101,0.055701336,,,,,,,,,
135,ses,DET,3,within23,0.041863044,0.000971952,,,,,,,,,
135,sont,VER,4,within23,0.001619621,0.241223404,,,,,,,,,
135,chers,ADJ,5,within23,0.042561628,,,,,,,,,,
136,Ensuite,ADV,1,within23,,0.014567901,,,,,,,,,
136,bureau,NOU,2,within23,0.027604528,0.055701336,,,,,,,,,
136,son,DET,3,within23,0.041863044,0.000971952,,,,,,,,,
136,semble,VER,4,within23,0.001619621,0.241223404,,,,,,,,,
136,propre,ADJ,5,within23,0.042561628,,,,,,,,,,
137,Néanmoins,ADV,1,within23,,0.014567901,,,,,,,,,
137,enceintes,NOU,2,within23,0.027604528,0.055701336,,,,,,,,,
137,les,DET,3,within23,0.041863044,0.000971952,,,,,,,,,
137,sont,VER,4,within23,0.001619621,0.241223404,,,,,,,,,
137,rondes,ADJ,5,within23,0.042561628,,,,,,,,,,
138,Puis,ADV,1,within23,,0.014567901,,,,,,,,,
138,fleurs,NOU,2,within23,0.027604528,0.147968044,,,,,,,,,
138,ces,PRO,3,within23,0.231217078,0.766592613,,,,,,,,,
138,poussent,VER,4,within23,0.656324299,0.430972389,,,,,,,,,
138,vite,ADV,5,within23,0.237261252,,,,,,,,,,
139,Pourtant,ADV,1,within23,,0.014567901,,,,,,,,,
139,homme,NOU,2,within23,0.027604528,0.147968044,,,,,,,,,
139,cet,PRO,3,within23,0.231217078,0.766592613,,,,,,,,,
139,est,VER,4,within23,0.656324299,0.241223404,,,,,,,,,
139,mystérieux,ADJ,5,within23,0.042561628,,,,,,,,,,
140,Aussi,ADV,1,within23,,0.014567901,,,,,,,,,
140,livre,NOU,2,within23,0.027604528,0.055701336,,,,,,,,,
140,son,DET,3,within23,0.041863044,0.000971952,,,,,,,,,
140,sert,VER,4,within23,0.001619621,0.430972389,,,,,,,,,
140,parfois,ADV,5,within23,0.237261252,,,,,,,,,,
141,Toutefois,ADV,1,within23,,0.014567901,,,,,,,,,
141,loup,NOU,2,within23,0.027604528,0.055701336,,,,,,,,,
141,le,DET,3,within23,0.041863044,0.000971952,,,,,,,,,
141,devient,VER,4,within23,0.001619621,0.241223404,,,,,,,,,
141,libre,ADJ,5,within23,0.042561628,,,,,,,,,,
142,Sinon,CON,1,within23,,0.014567901,,,,,,,,,
142,lumière,NOU,2,within23,0.042417101,0.055701336,,,,,,,,,
142,une,DET,3,within23,0.041863044,0.000971952,,,,,,,,,
142,éblouit,VER,4,within23,0.001619621,0.430972389,,,,,,,,,
142,moins,ADV,5,within23,0.237261252,,,,,,,,,,
143,Cependant,ADV,1,within23,,0.014567901,,,,,,,,,
143,robe,NOU,2,within23,0.027604528,0.147968044,,,,,,,,,
143,cette,PRO,3,within23,0.231217078,0.766592613,,,,,,,,,
143,est,VER,4,within23,0.656324299,0.241223404,,,,,,,,,
143,classique,ADJ,5,within23,0.042561628,,,,,,,,,,
144,Vraiment,ADV,1,within23,,0.014567901,,,,,,,,,
144,cochon,NOU,2,within23,0.027604528,0.147968044,,,,,,,,,
144,ce,PRO,3,within23,0.231217078,0.766592613,,,,,,,,,
144,mange,VER,4,within23,0.656324299,0.430972389,,,,,,,,,
144,lentement,ADV,5,within23,0.237261252,,,,,,,,,,
145,Si,ADV,1,within23,,0.014567901,,,,,,,,,
145,clés,NOU,2,within23,0.027604528,0.055701336,,,,,,,,,
145,tes,DET,3,within23,0.041863044,0.000971952,,,,,,,,,
145,sont,VER,4,within23,0.001619621,0.070952513,,,,,,,,,
145,rouillées,VER,5,within23,0.067543454,,,,,,,,,,
146,Ainsi,ADV,1,within23,,0.014567901,,,,,,,,,
146,mur,NOU,2,within23,0.027604528,0.055701336,,,,,,,,,
146,un,DET,3,within23,0.041863044,0.000971952,,,,,,,,,
146,cache,VER,4,within23,0.001619621,0.430972389,,,,,,,,,
146,tout,ADV,5,within23,0.237261252,,,,,,,,,,
147,Enfin,ADV,1,within23,,0.014567901,,,,,,,,,
147,biscuits,NOU,2,within23,0.027604528,0.055701336,,,,,,,,,
147,les,DET,3,within23,0.041863044,0.000971952,,,,,,,,,
147,cuisent,VER,4,within23,0.001619621,0.430972389,,,,,,,,,
147,rapidement,ADV,5,within23,0.237261252,,,,,,,,,,
148,Finalement,ADV,1,within23,,0.014567901,,,,,,,,,
148,ville,NOU,2,within23,0.027604528,0.055701336,,,,,,,,,
148,la,DET,3,within23,0.041863044,0.000971952,,,,,,,,,
148,est,VER,4,within23,0.001619621,0.241223404,,,,,,,,,
148,vide,ADJ,5,within23,0.042561628,,,,,,,,,,
149,Or,CON,1,within23,,0.014567901,,,,,,,,,
149,lutin,NOU,2,within23,0.042417101,0.055701336,,,,,,,,,
149,le,DET,3,within23,0.041863044,0.000971952,,,,,,,,,
149,travaille,VER,4,within23,0.001619621,0.241223404,,,,,,,,,
149,seul,ADJ,5,within23,0.042561628,,,,,,,,,,
150,Alors,ADV,1,within23,,0.014567901,,,,,,,,,
150,toit,NOU,2,within23,0.027604528,0.147968044,,,,,,,,,
150,ce,PRO,3,within23,0.231217078,0.766592613,,,,,,,,,
150,glisse,VER,4,within23,0.656324299,0.430972389,,,,,,,,,
150,fortement,ADV,5,within23,0.237261252,,,,,,,,,,
151,Comme,ADV,1,within23,,0.014567901,,,,,,,,,
151,heure,NOU,2,within23,0.027604528,0.055701336,,,,,,,,,
151,une,DET,3,within23,0.041863044,0.000971952,,,,,,,,,
151,annonce,VER,4,within23,0.001619621,0.123769827,,,,,,,,,
151,cela,PRO,5,within23,0.141299319,,,,,,,,,,
152,Des,PRP,1,within23,,0.228559671,,,,,,,,,
152,tomates,NOU,2,within23,0.39370683,0.202393617,,,,,,,,,
152,grosses,ADJ,3,within23,0.050827095,0.001457928,,,,,,,,,
152,tombent,VER,4,within23,0.007482014,0.430972389,,,,,,,,,
152,pourtant,ADV,5,within23,0.237261252,,,,,,,,,,
153,Puis,ADV,1,within23,,0.014567901,,,,,,,,,
153,lion,NOU,2,within23,0.027604528,0.055701336,,,,,,,,,
153,un,DET,3,within23,0.041863044,0.000971952,,,,,,,,,
153,casse,VER,4,within23,0.001619621,0.123769827,,,,,,,,,
153,ceci,PRO,5,within23,0.141299319,,,,,,,,,,
154,Car,CON,1,within23,,0.014567901,,,,,,,,,
154,feuille,NOU,2,within23,0.042417101,0.147968044,,,,,,,,,
154,cette,PRO,3,within23,0.231217078,0.766592613,,,,,,,,,
154,sent,VER,4,within23,0.656324299,0.241223404,,,,,,,,,
154,bon,ADJ,5,within23,0.042561628,,,,,,,,,,
155,Si,CON,1,within23,,0.014567901,,,,,,,,,
155,chaussettes,NOU,2,within23,0.042417101,0.055701336,,,,,,,,,
155,ses,DET,3,within23,0.041863044,0.000971952,,,,,,,,,
155,sont,VER,4,within23,0.001619621,0.241223404,,,,,,,,,
155,identiques,ADJ,5,within23,0.042561628,,,,,,,,,,
156,Sinon,CON,1,within23,,0.014567901,,,,,,,,,
156,papier,NOU,2,within23,0.042417101,0.055701336,,,,,,,,,
156,son,DET,3,within23,0.041863044,0.000971952,,,,,,,,,
156,devient,VER,4,within23,0.001619621,0.241223404,,,,,,,,,
156,transparent,ADJ,5,within23,0.042561628,,,,,,,,,,
157,Mais,CON,1,within23,,0.014567901,,,,,,,,,
157,vitre,NOU,2,within23,0.042417101,0.055701336,,,,,,,,,
157,ta,DET,3,within23,0.041863044,0.000971952,,,,,,,,,
157,sera,VER,4,within23,0.001619621,0.070952513,,,,,,,,,
157,réparée,VER,5,within23,0.067543454,,,,,,,,,,
158,Donc,ADV,1,within23,,0.014567901,,,,,,,,,
158,voisins,NOU,2,within23,0.027604528,0.055701336,,,,,,,,,
158,ses,DET,3,within23,0.041863044,0.000971952,,,,,,,,,
158,étaient,VER,4,within23,0.001619621,0.241223404,,,,,,,,,
158,proches,ADJ,5,within23,0.042561628,,,,,,,,,,
159,Quand,CON,1,within23,,0.014567901,,,,,,,,,
159,oiseaux,NOU,2,within23,0.042417101,0.147968044,,,,,,,,,
159,certains,PRO,3,within23,0.231217078,0.766592613,,,,,,,,,
159,chantent,VER,4,within23,0.656324299,0.241223404,,,,,,,,,
159,faux,ADJ,5,within23,0.042561628,,,,,,,,,,
160,Lorsque,CON,1,within23,,0.014567901,,,,,,,,,
160,guitare,NOU,2,within23,0.042417101,0.055701336,,,,,,,,,
160,sa,DET,3,within23,0.041863044,0.000971952,,,,,,,,,
160,sonne,VER,4,within23,0.001619621,0.430972389,,,,,,,,,
160,fort,ADV,5,within23,0.237261252,,,,,,,,,,
161,La,DET,1,within34,,0.555390947,,,,,,,,,
161,chambre,NOU,2,within34,0.790606201,0.154021609,,,,,,,,,
161,mal,ADV,3,within34,0.115516126,0.06095529,,,,,,,,,
161,sera,VER,4,within34,0.101409101,0.070952513,,,,,,,,,
161,organisée,VER,5,within34,0.067543454,,,,,,,,,,
162,La,DET,1,within34,,0.555390947,,,,,,,,,
162,fille,NOU,2,within34,0.790606201,0.024923632,,,,,,,,,
162,lève,VER,3,within34,0.032714167,0.123769827,,,,,,,,,
162,se,PRO,4,within34,0.141299319,0.045738295,,,,,,,,,
162,tôt,ADV,5,within34,0.02264622,,,,,,,,,,
163,Son,DET,1,within34,,0.555390947,,,,,,,,,
163,cadeau,NOU,2,within34,0.790606201,0.024923632,,,,,,,,,
163,rend,VER,3,within34,0.032714167,0.123769827,,,,,,,,,
163,me,PRO,4,within34,0.141299319,0.004787234,,,,,,,,,
163,heureux,ADJ,5,within34,0.00053495,,,,,,,,,,
164,Les,DET,1,within34,,0.555390947,,,,,,,,,
164,cloches,NOU,2,within34,0.790606201,0.024923632,,,,,,,,,
164,sonné,VER,3,within34,0.032714167,0.070952513,,,,,,,,,
164,ont,VER,4,within34,0.067543454,0.430972389,,,,,,,,,
164,longtemps,ADV,5,within34,0.237261252,,,,,,,,,,
165,Les,DET,1,within34,,0.555390947,,,,,,,,,
165,minutes,NOU,2,within34,0.790606201,0.024923632,,,,,,,,,
165,passées,VER,3,within34,0.032714167,0.070952513,,,,,,,,,
165,étaient,VER,4,within34,0.067543454,0.430972389,,,,,,,,,
165,rapidement,ADV,5,within34,0.237261252,,,,,,,,,,
166,Des,PRP,1,within34,,0.228559671,,,,,,,,,
166,clés,NOU,2,within34,0.39370683,0.024923632,,,,,,,,,
166,perdent,VER,3,within34,0.032714167,0.123769827,,,,,,,,,
166,se,PRO,4,within34,0.141299319,0.045738295,,,,,,,,,
166,facilement,ADV,5,within34,0.02264622,,,,,,,,,,
167,Ses,DET,1,within34,,0.555390947,,,,,,,,,
167,photos,NOU,2,within34,0.790606201,0.024923632,,,,,,,,,
167,été,VER,3,within34,0.032714167,0.070952513,,,,,,,,,
167,auraient,VER,4,within34,0.067543454,0.241223404,,,,,,,,,
167,jolies,ADJ,5,within34,0.042561628,,,,,,,,,,
168,Tes,DET,1,within34,,0.555390947,,,,,,,,,
168,chats,NOU,2,within34,0.790606201,0.154021609,,,,,,,,,
168,beaucoup,ADV,3,within34,0.115516126,0.06095529,,,,,,,,,
168,ont,VER,4,within34,0.101409101,0.070952513,,,,,,,,,
168,mangé,VER,5,within34,0.067543454,,,,,,,,,,
169,Le,DET,1,within34,,0.555390947,,,,,,,,,
169,skieur,NOU,2,within34,0.790606201,0.154021609,,,,,,,,,
169,sincèrement,ADV,3,within34,0.115516126,0.06095529,,,,,,,,,
169,est,VER,4,within34,0.101409101,0.070952513,,,,,,,,,
169,désolé,VER,5,within34,0.067543454,,,,,,,,,,
170,Les,DET,1,within34,,0.555390947,,,,,,,,,
170,maisons,NOU,2,within34,0.790606201,0.024923632,,,,,,,,,
170,été,VER,3,within34,0.032714167,0.070952513,,,,,,,,,
170,ont,VER,4,within34,0.067543454,0.070952513,,,,,,,,,
170,détruites,VER,5,within34,0.067543454,,,,,,,,,,
171,Un,DET,1,within34,,0.555390947,,,,,,,,,
171,homme,NOU,2,within34,0.790606201,0.024923632,,,,,,,,,
171,chanté,VER,3,within34,0.032714167,0.070952513,,,,,,,,,
171,avait,VER,4,within34,0.067543454,0.430972389,,,,,,,,,
171,fort,ADV,5,within34,0.237261252,,,,,,,,,,
172,Cette,PRO,1,within34,,0.004197531,,,,,,,,,
172,dame,NOU,2,within34,0.003566334,0.024923632,,,,,,,,,
172,vu,VER,3,within34,0.032714167,0.070952513,,,,,,,,,
172,aurait,VER,4,within34,0.067543454,0.430972389,,,,,,,,,
172,loin,ADV,5,within34,0.237261252,,,,,,,,,,
173,Ce,PRO,1,within34,,0.004197531,,,,,,,,,
173,signe,NOU,2,within34,0.003566334,0.024923632,,,,,,,,,
173,reconnaît,VER,3,within34,0.032714167,0.123769827,,,,,,,,,
173,se,PRO,4,within34,0.141299319,0.045738295,,,,,,,,,
173,maintenant,ADV,5,within34,0.02264622,,,,,,,,,,
174,Sa,DET,1,within34,,0.555390947,,,,,,,,,
174,veste,NOU,2,within34,0.790606201,0.024923632,,,,,,,,,
174,va,VER,3,within34,0.032714167,0.123769827,,,,,,,,,
174,me,PRO,4,within34,0.141299319,0.045738295,,,,,,,,,
174,bien,ADV,5,within34,0.02264622,,,,,,,,,,
175,Ses,DET,1,within34,,0.555390947,,,,,,,,,
175,attentions,NOU,2,within34,0.790606201,0.024923632,,,,,,,,,
175,font,VER,3,within34,0.032714167,0.123769827,,,,,,,,,
175,lui,PRO,4,within34,0.141299319,0.004197531,,,,,,,,,
175,plaisir,NOU,5,within34,0.003566334,,,,,,,,,,
176,Mon,DET,1,within34,,0.555390947,,,,,,,,,
176,copain,NOU,2,within34,0.790606201,0.024923632,,,,,,,,,
176,parti,VER,3,within34,0.032714167,0.070952513,,,,,,,,,
176,était,VER,4,within34,0.067543454,0.070952513,,,,,,,,,
176,hier,VER,5,within34,0.067543454,,,,,,,,,,
177,Tes,DET,1,within34,,0.555390947,,,,,,,,,
177,amis,NOU,2,within34,0.790606201,0.024923632,,,,,,,,,
177,voient,VER,3,within34,0.032714167,0.123769827,,,,,,,,,
177,se,PRO,4,within34,0.141299319,0.045738295,,,,,,,,,
177,souvent,ADV,5,within34,0.02264622,,,,,,,,,,
178,Quelques,PRO,1,within34,,0.004197531,,,,,,,,,
178,livres,NOU,2,within34,0.003566334,0.024923632,,,,,,,,,
178,brûlés,VER,3,within34,0.032714167,0.070952513,,,,,,,,,
178,ont,VER,4,within34,0.067543454,0.240416105,,,,,,,,,
178,sinon,CON,5,within34,0.082479677,,,,,,,,,,
179,Certains,PRO,1,within34,,0.004197531,,,,,,,,,
179,portraits,NOU,2,within34,0.003566334,0.024923632,,,,,,,,,
179,représentent,VER,3,within34,0.032714167,0.123769827,,,,,,,,,
179,me,PRO,4,within34,0.141299319,0.045738295,,,,,,,,,
179,vraiment,ADV,5,within34,0.02264622,,,,,,,,,,
180,La,DET,1,within34,,0.555390947,,,,,,,,,
180,porte,NOU,2,within34,0.790606201,0.024923632,,,,,,,,,
180,ferme,VER,3,within34,0.032714167,0.123769827,,,,,,,,,
180,se,PRO,4,within34,0.141299319,0.004787234,,,,,,,,,
180,seule,ADJ,5,within34,0.00053495,,,,,,,,,,
181,Le,DET,1,within34,,0.555390947,,,,,,,,,
181,travail,NOU,2,within34,0.790606201,0.154021609,,,,,,,,,
181,beaucoup,ADV,3,within34,0.115516126,0.06095529,,,,,,,,,
181,avait,VER,4,within34,0.101409101,0.070952513,,,,,,,,,
181,fatigué,VER,5,within34,0.067543454,,,,,,,,,,
182,Les,DET,1,within34,,0.555390947,,,,,,,,,
182,oiseaux,NOU,2,within34,0.790606201,0.024923632,,,,,,,,,
182,sifflé,VER,3,within34,0.032714167,0.070952513,,,,,,,,,
182,ont,VER,4,within34,0.067543454,0.430972389,,,,,,,,,
182,joliment,ADV,5,within34,0.237261252,,,,,,,,,,
183,Un,DET,1,within34,,0.555390947,,,,,,,,,
183,papier,NOU,2,within34,0.790606201,0.024923632,,,,,,,,,
183,déchire,VER,3,within34,0.032714167,0.123769827,,,,,,,,,
183,se,PRO,4,within34,0.141299319,0.045738295,,,,,,,,,
183,ici,ADV,5,within34,0.02264622,,,,,,,,,,
184,Une,DET,1,within34,,0.555390947,,,,,,,,,
184,raison,NOU,2,within34,0.790606201,0.024923632,,,,,,,,,
184,tourmente,VER,3,within34,0.032714167,0.123769827,,,,,,,,,
184,le,PRO,4,within34,0.141299319,0.045738295,,,,,,,,,
184,trop,ADV,5,within34,0.02264622,,,,,,,,,,
185,Des,PRP,1,within34,,0.228559671,,,,,,,,,
185,gens,NOU,2,within34,0.39370683,0.024923632,,,,,,,,,
185,amènent,VER,3,within34,0.032714167,0.123769827,,,,,,,,,
185,nous,PRO,4,within34,0.141299319,0.045738295,,,,,,,,,
185,là,ADV,5,within34,0.02264622,,,,,,,,,,
186,Ce,PRO,1,within34,,0.004197531,,,,,,,,,
186,bateau,NOU,2,within34,0.003566334,0.024923632,,,,,,,,,
186,convient,VER,3,within34,0.032714167,0.123769827,,,,,,,,,
186,vous,PRO,4,within34,0.141299319,0.045738295,,,,,,,,,
186,bien,ADV,5,within34,0.02264622,,,,,,,,,,
187,Ces,PRO,1,within34,,0.004197531,,,,,,,,,
187,feuilles,NOU,2,within34,0.003566334,0.024923632,,,,,,,,,
187,tombées,VER,3,within34,0.032714167,0.070952513,,,,,,,,,
187,sont,VER,4,within34,0.067543454,0.430972389,,,,,,,,,
187,doucement,ADV,5,within34,0.237261252,,,,,,,,,,
188,Ces,PRO,1,within34,,0.004197531,,,,,,,,,
188,rayons,NOU,2,within34,0.003566334,0.024923632,,,,,,,,,
188,forment,VER,3,within34,0.032714167,0.123769827,,,,,,,,,
188,se,PRO,4,within34,0.141299319,0.045738295,,,,,,,,,
188,ici,ADV,5,within34,0.02264622,,,,,,,,,,
189,Ses,DET,1,within34,,0.555390947,,,,,,,,,
189,pieds,NOU,2,within34,0.790606201,0.024923632,,,,,,,,,
189,été,VER,3,within34,0.032714167,0.070952513,,,,,,,,,
189,ont,VER,4,within34,0.067543454,0.070952513,,,,,,,,,
189,soignés,VER,5,within34,0.067543454,,,,,,,,,,
190,Ses,DET,1,within34,,0.555390947,,,,,,,,,
190,mains,NOU,2,within34,0.790606201,0.024923632,,,,,,,,,
190,tiennent,VER,3,within34,0.032714167,0.123769827,,,,,,,,,
190,me,PRO,4,within34,0.141299319,0.045738295,,,,,,,,,
190,tendrement,ADV,5,within34,0.02264622,,,,,,,,,,
191,Ses,DET,1,within34,,0.555390947,,,,,,,,,
191,affaires,NOU,2,within34,0.790606201,0.154021609,,,,,,,,,
191,correctement,ADV,3,within34,0.115516126,0.06095529,,,,,,,,,
191,sont,VER,4,within34,0.101409101,0.070952513,,,,,,,,,
191,tenues,VER,5,within34,0.067543454,,,,,,,,,,
192,Mes,DET,1,within34,,0.555390947,,,,,,,,,
192,livres,NOU,2,within34,0.790606201,0.024923632,,,,,,,,,
192,été,VER,3,within34,0.032714167,0.070952513,,,,,,,,,
192,ont,VER,4,within34,0.067543454,0.070952513,,,,,,,,,
192,lus,VER,5,within34,0.067543454,,,,,,,,,,
193,Ma,DET,1,within34,,0.555390947,,,,,,,,,
193,couette,NOU,2,within34,0.790606201,0.024923632,,,,,,,,,
193,lavée,VER,3,within34,0.032714167,0.070952513,,,,,,,,,
193,est,VER,4,within34,0.067543454,0.430972389,,,,,,,,,
193,aujourd'hui,ADV,5,within34,0.237261252,,,,,,,,,,
194,Mes,DET,1,within34,,0.555390947,,,,,,,,,
194,lettres,NOU,2,within34,0.790606201,0.024923632,,,,,,,,,
194,été,VER,3,within34,0.032714167,0.070952513,,,,,,,,,
194,ont,VER,4,within34,0.067543454,0.070952513,,,,,,,,,
194,envoyées,VER,5,within34,0.067543454,,,,,,,,,,
195,Ton,DET,1,within34,,0.555390947,,,,,,,,,
195,café,NOU,2,within34,0.790606201,0.024923632,,,,,,,,,
195,devenu,VER,3,within34,0.032714167,0.070952513,,,,,,,,,
195,est,VER,4,within34,0.067543454,0.241223404,,,,,,,,,
195,froid,ADJ,5,within34,0.042561628,,,,,,,,,,
196,Ses,DET,1,within34,,0.555390947,,,,,,,,,
196,fleurs,NOU,2,within34,0.790606201,0.024923632,,,,,,,,,
196,restées,VER,3,within34,0.032714167,0.070952513,,,,,,,,,
196,sont,VER,4,within34,0.067543454,0.241223404,,,,,,,,,
196,belles,ADJ,5,within34,0.042561628,,,,,,,,,,
197,Tes,DET,1,within34,,0.555390947,,,,,,,,,
197,cheveux,NOU,2,within34,0.790606201,0.024923632,,,,,,,,,
197,été,VER,3,within34,0.032714167,0.070952513,,,,,,,,,
197,ont,VER,4,within34,0.067543454,0.070952513,,,,,,,,,
197,mouillés,VER,5,within34,0.067543454,,,,,,,,,,
198,Plusieurs,PRO,1,within34,,0.004197531,,,,,,,,,
198,ours,NOU,2,within34,0.003566334,0.024923632,,,,,,,,,
198,sont,VER,3,within34,0.032714167,0.123769827,,,,,,,,,
198,se,PRO,4,within34,0.141299319,0.766592613,,,,,,,,,
198,bousculés,VER,5,within34,0.656324299,,,,,,,,,,
199,Une,DET,1,within34,,0.555390947,,,,,,,,,
199,montagne,NOU,2,within34,0.790606201,0.024923632,,,,,,,,,
199,monte,VER,3,within34,0.032714167,0.123769827,,,,,,,,,
199,se,PRO,4,within34,0.141299319,0.045738295,,,,,,,,,
199,péniblement,ADV,5,within34,0.02264622,,,,,,,,,,
200,Le,DET,1,within34,,0.555390947,,,,,,,,,
200,chaton,NOU,2,within34,0.790606201,0.154021609,,,,,,,,,
200,bien,ADV,3,within34,0.115516126,0.06095529,,,,,,,,,
200,avait,VER,4,within34,0.101409101,0.070952513,,,,,,,,,
200,grandi,VER,5,within34,0.067543454,,,,,,,,,,
201,Parfois,ADV,1,across34,,0.098520992,,,,,,,,,
201,ton,DET,2,across34,0.095403095,0.000971952,,,,,,,,,
201,est,VER,3,across34,0.001619621,0.029218107,,,,,,,,,
201,arbre,NOU,4,across34,0.040843302,0.202393617,,,,,,,,,
201,mignon,ADJ,5,across34,0.050827095,,,,,,,,,,
202,Souvent,ADV,1,across34,,0.098520992,,,,,,,,,
202,la,DET,2,across34,0.095403095,0.000971952,,,,,,,,,
202,coule,VER,3,across34,0.001619621,0.029218107,,,,,,,,,
202,rivière,NOU,4,across34,0.040843302,0.154021609,,,,,,,,,
202,doucement,ADV,5,across34,0.115516126,,,,,,,,,,
203,Quand,CON,1,across34,,0.069895038,,,,,,,,,
203,les,DET,2,across34,0.098636593,0.000971952,,,,,,,,,
203,sont,VER,3,across34,0.001619621,0.029218107,,,,,,,,,
203,cascades,NOU,4,across34,0.040843302,0.202393617,,,,,,,,,
203,bruyantes,ADJ,5,across34,0.050827095,,,,,,,,,,
204,Lorsque,CON,1,across34,,0.069895038,,,,,,,,,
204,le,DET,2,across34,0.098636593,0.000971952,,,,,,,,,
204,dort,VER,3,across34,0.001619621,0.029218107,,,,,,,,,
204,mouton,NOU,4,across34,0.040843302,0.154021609,,,,,,,,,
204,longtemps,ADV,5,across34,0.115516126,,,,,,,,,,
205,Alors,ADV,1,across34,,0.122148894,,,,,,,,,
205,cette,PRO,2,across34,0.243705244,0.766592613,,,,,,,,,
205,tourne,VER,3,across34,0.656324299,0.029218107,,,,,,,,,
205,horloge,NOU,4,across34,0.040843302,0.154021609,,,,,,,,,
205,mal,ADV,5,across34,0.115516126,,,,,,,,,,
206,Comme,ADV,1,across34,,0.122148894,,,,,,,,,
206,ces,PRO,2,across34,0.243705244,0.766592613,,,,,,,,,
206,collent,VER,3,across34,0.656324299,0.029218107,,,,,,,,,
206,affiches,NOU,4,across34,0.040843302,0.154021609,,,,,,,,,
206,bien,ADV,5,across34,0.115516126,,,,,,,,,,
207,Et,CON,1,across34,,0.069895038,,,,,,,,,
207,un,DET,2,across34,0.098636593,0.000971952,,,,,,,,,
207,fatigue,VER,3,across34,0.001619621,0.029218107,,,,,,,,,
207,trajet,NOU,4,across34,0.040843302,0.154021609,,,,,,,,,
207,tellement,ADV,5,across34,0.115516126,,,,,,,,,,
208,Donc,ADV,1,across34,,0.098520992,,,,,,,,,
208,une,DET,2,across34,0.095403095,0.000971952,,,,,,,,,
208,mange,VER,3,across34,0.001619621,0.029218107,,,,,,,,,
208,girafe,NOU,4,across34,0.040843302,0.154021609,,,,,,,,,
208,peu,ADV,5,across34,0.115516126,,,,,,,,,,
209,Ainsi,ADV,1,across34,,0.098520992,,,,,,,,,
209,les,DET,2,across34,0.095403095,0.000971952,,,,,,,,,
209,dessinent,VER,3,across34,0.001619621,0.029218107,,,,,,,,,
209,enfants,NOU,4,across34,0.040843302,0.154021609,,,,,,,,,
209,calmement,ADV,5,across34,0.115516126,,,,,,,,,,
210,Et,CON,1,across34,,0.172860947,,,,,,,,,
210,certains,PRO,2,across34,0.502608988,0.766592613,,,,,,,,,
210,vivent,VER,3,across34,0.656324299,0.029218107,,,,,,,,,
210,animaux,NOU,4,across34,0.040843302,0.202393617,,,,,,,,,
210,vieux,ADJ,5,across34,0.050827095,,,,,,,,,,
211,Or,NOU,1,across34,,0.147968044,,,,,,,,,
211,plusieurs,PRO,2,across34,0.231217078,0.766592613,,,,,,,,,
211,passent,VER,3,across34,0.656324299,0.029218107,,,,,,,,,
211,rats,NOU,4,across34,0.040843302,0.154021609,,,,,,,,,
211,souvent,ADV,5,across34,0.115516126,,,,,,,,,,
212,Car,CON,1,across34,,0.172860947,,,,,,,,,
212,quelques,PRO,2,across34,0.502608988,0.766592613,,,,,,,,,
212,sortent,VER,3,across34,0.656324299,0.029218107,,,,,,,,,
212,papillons,NOU,4,across34,0.040843302,0.154021609,,,,,,,,,
212,ici,ADV,5,across34,0.115516126,,,,,,,,,,
213,Aussi,ADV,1,across34,,0.098520992,,,,,,,,,
213,les,DET,2,across34,0.095403095,0.000971952,,,,,,,,,
213,ferment,VER,3,across34,0.001619621,0.029218107,,,,,,,,,
213,vestes,NOU,4,across34,0.040843302,0.154021609,,,,,,,,,
213,mal,ADV,5,across34,0.115516126,,,,,,,,,,
214,Enfin,ADV,1,across34,,0.122148894,,,,,,,,,
214,cet,PRO,2,across34,0.243705244,0.766592613,,,,,,,,,
214,range,VER,3,across34,0.656324299,0.029218107,,,,,,,,,
214,ogre,NOU,4,across34,0.040843302,0.154021609,,,,,,,,,
214,bien,ADV,5,across34,0.115516126,,,,,,,,,,
215,Puisque,CON,1,across34,,0.069895038,,,,,,,,,
215,ses,DET,2,across34,0.098636593,0.000971952,,,,,,,,,
215,sont,VER,3,across34,0.001619621,0.029218107,,,,,,,,,
215,travaux,NOU,4,across34,0.040843302,0.202393617,,,,,,,,,
215,chers,ADJ,5,across34,0.050827095,,,,,,,,,,
216,Ensuite,ADV,1,across34,,0.098520992,,,,,,,,,
216,son,DET,2,across34,0.095403095,0.000971952,,,,,,,,,
216,semble,VER,3,across34,0.001619621,0.029218107,,,,,,,,,
216,bureau,NOU,4,across34,0.040843302,0.202393617,,,,,,,,,
216,propre,ADJ,5,across34,0.050827095,,,,,,,,,,
217,Néanmoins,ADV,1,across34,,0.098520992,,,,,,,,,
217,les,DET,2,across34,0.095403095,0.000971952,,,,,,,,,
217,sont,VER,3,across34,0.001619621,0.029218107,,,,,,,,,
217,enceintes,NOU,4,across34,0.040843302,0.202393617,,,,,,,,,
217,rondes,ADJ,5,across34,0.050827095,,,,,,,,,,
218,Puis,ADV,1,across34,,0.122148894,,,,,,,,,
218,ces,PRO,2,across34,0.243705244,0.766592613,,,,,,,,,
218,poussent,VER,3,across34,0.656324299,0.029218107,,,,,,,,,
218,fleurs,NOU,4,across34,0.040843302,0.154021609,,,,,,,,,
218,vite,ADV,5,across34,0.115516126,,,,,,,,,,
219,Pourtant,ADV,1,across34,,0.122148894,,,,,,,,,
219,cet,PRO,2,across34,0.243705244,0.766592613,,,,,,,,,
219,est,VER,3,across34,0.656324299,0.029218107,,,,,,,,,
219,homme,NOU,4,across34,0.040843302,0.202393617,,,,,,,,,
219,mystérieux,ADJ,5,across34,0.050827095,,,,,,,,,,
220,Aussi,ADV,1,across34,,0.098520992,,,,,,,,,
220,son,DET,2,across34,0.095403095,0.000971952,,,,,,,,,
220,sert,VER,3,across34,0.001619621,0.029218107,,,,,,,,,
220,livre,NOU,4,across34,0.040843302,0.154021609,,,,,,,,,
220,parfois,ADV,5,across34,0.115516126,,,,,,,,,,
221,Toutefois,ADV,1,across34,,0.098520992,,,,,,,,,
221,le,DET,2,across34,0.095403095,0.000971952,,,,,,,,,
221,devient,VER,3,across34,0.001619621,0.029218107,,,,,,,,,
221,loup,NOU,4,across34,0.040843302,0.202393617,,,,,,,,,
221,libre,ADJ,5,across34,0.050827095,,,,,,,,,,
222,Sinon,CON,1,across34,,0.069895038,,,,,,,,,
222,une,DET,2,across34,0.098636593,0.000971952,,,,,,,,,
222,éblouit,VER,3,across34,0.001619621,0.029218107,,,,,,,,,
222,lumière,NOU,4,across34,0.040843302,0.154021609,,,,,,,,,
222,moins,ADV,5,across34,0.115516126,,,,,,,,,,
223,Cependant,ADV,1,across34,,0.122148894,,,,,,,,,
223,cette,PRO,2,across34,0.243705244,0.766592613,,,,,,,,,
223,est,VER,3,across34,0.656324299,0.029218107,,,,,,,,,
223,robe,NOU,4,across34,0.040843302,0.202393617,,,,,,,,,
223,classique,ADJ,5,across34,0.050827095,,,,,,,,,,
224,Vraiment,ADV,1,across34,,0.122148894,,,,,,,,,
224,ce,PRO,2,across34,0.243705244,0.766592613,,,,,,,,,
224,mange,VER,3,across34,0.656324299,0.029218107,,,,,,,,,
224,cochon,NOU,4,across34,0.040843302,0.154021609,,,,,,,,,
224,lentement,ADV,5,across34,0.115516126,,,,,,,,,,
225,Si,ADV,1,across34,,0.098520992,,,,,,,,,
225,tes,DET,2,across34,0.095403095,0.000971952,,,,,,,,,
225,sont,VER,3,across34,0.001619621,0.029218107,,,,,,,,,
225,clés,NOU,4,across34,0.040843302,0.024923632,,,,,,,,,
225,rouillées,VER,5,across34,0.032714167,,,,,,,,,,
226,Ainsi,ADV,1,across34,,0.098520992,,,,,,,,,
226,un,DET,2,across34,0.095403095,0.000971952,,,,,,,,,
226,cache,VER,3,across34,0.001619621,0.029218107,,,,,,,,,
226,mur,NOU,4,across34,0.040843302,0.154021609,,,,,,,,,
226,tout,ADV,5,across34,0.115516126,,,,,,,,,,
227,Enfin,ADV,1,across34,,0.098520992,,,,,,,,,
227,les,DET,2,across34,0.095403095,0.000971952,,,,,,,,,
227,cuisent,VER,3,across34,0.001619621,0.029218107,,,,,,,,,
227,biscuits,NOU,4,across34,0.040843302,0.154021609,,,,,,,,,
227,rapidement,ADV,5,across34,0.115516126,,,,,,,,,,
228,Finalement,ADV,1,across34,,0.098520992,,,,,,,,,
228,la,DET,2,across34,0.095403095,0.000971952,,,,,,,,,
228,est,VER,3,across34,0.001619621,0.029218107,,,,,,,,,
228,ville,NOU,4,across34,0.040843302,0.202393617,,,,,,,,,
228,vide,ADJ,5,across34,0.050827095,,,,,,,,,,
229,Or,CON,1,across34,,0.069895038,,,,,,,,,
229,le,DET,2,across34,0.098636593,0.000971952,,,,,,,,,
229,travaille,VER,3,across34,0.001619621,0.029218107,,,,,,,,,
229,lutin,NOU,4,across34,0.040843302,0.202393617,,,,,,,,,
229,seul,ADJ,5,across34,0.050827095,,,,,,,,,,
230,Alors,ADV,1,across34,,0.122148894,,,,,,,,,
230,ce,PRO,2,across34,0.243705244,0.766592613,,,,,,,,,
230,glisse,VER,3,across34,0.656324299,0.029218107,,,,,,,,,
230,toit,NOU,4,across34,0.040843302,0.154021609,,,,,,,,,
230,fortement,ADV,5,across34,0.115516126,,,,,,,,,,
231,Comme,ADV,1,across34,,0.098520992,,,,,,,,,
231,une,DET,2,across34,0.095403095,0.000971952,,,,,,,,,
231,annonce,VER,3,across34,0.001619621,0.029218107,,,,,,,,,
231,heure,NOU,4,across34,0.040843302,0.147968044,,,,,,,,,
231,cela,PRO,5,across34,0.231217078,,,,,,,,,,
232,Des,PRP,1,across34,,0.108244681,,,,,,,,,
232,grosses,ADJ,2,across34,0.013558455,0.001457928,,,,,,,,,
232,tombent,VER,3,across34,0.007482014,0.029218107,,,,,,,,,
232,tomates,NOU,4,across34,0.040843302,0.154021609,,,,,,,,,
232,pourtant,ADV,5,across34,0.115516126,,,,,,,,,,
233,Puis,ADV,1,across34,,0.098520992,,,,,,,,,
233,un,DET,2,across34,0.095403095,0.000971952,,,,,,,,,
233,casse,VER,3,across34,0.001619621,0.029218107,,,,,,,,,
233,lion,NOU,4,across34,0.040843302,0.147968044,,,,,,,,,
233,ceci,PRO,5,across34,0.231217078,,,,,,,,,,
234,Car,CON,1,across34,,0.172860947,,,,,,,,,
234,cette,PRO,2,across34,0.502608988,0.766592613,,,,,,,,,
234,sent,VER,3,across34,0.656324299,0.029218107,,,,,,,,,
234,feuille,NOU,4,across34,0.040843302,0.202393617,,,,,,,,,
234,bon,ADJ,5,across34,0.050827095,,,,,,,,,,
235,Si,CON,1,across34,,0.069895038,,,,,,,,,
235,ses,DET,2,across34,0.098636593,0.000971952,,,,,,,,,
235,sont,VER,3,across34,0.001619621,0.029218107,,,,,,,,,
235,chaussettes,NOU,4,across34,0.040843302,0.202393617,,,,,,,,,
235,identiques,ADJ,5,across34,0.050827095,,,,,,,,,,
236,Sinon,CON,1,across34,,0.069895038,,,,,,,,,
236,son,DET,2,across34,0.098636593,0.000971952,,,,,,,,,
236,devient,VER,3,across34,0.001619621,0.029218107,,,,,,,,,
236,papier,NOU,4,across34,0.040843302,0.202393617,,,,,,,,,
236,transparent,ADJ,5,across34,0.050827095,,,,,,,,,,
237,Mais,CON,1,across34,,0.069895038,,,,,,,,,
237,ta,DET,2,across34,0.098636593,0.000971952,,,,,,,,,
237,sera,VER,3,across34,0.001619621,0.029218107,,,,,,,,,
237,vitre,NOU,4,across34,0.040843302,0.024923632,,,,,,,,,
237,réparée,VER,5,across34,0.032714167,,,,,,,,,,
238,Donc,ADV,1,across34,,0.098520992,,,,,,,,,
238,ses,DET,2,across34,0.095403095,0.000971952,,,,,,,,,
238,étaient,VER,3,across34,0.001619621,0.029218107,,,,,,,,,
238,voisins,NOU,4,across34,0.040843302,0.202393617,,,,,,,,,
238,proches,ADJ,5,across34,0.050827095,,,,,,,,,,
239,Quand,CON,1,across34,,0.172860947,,,,,,,,,
239,certains,PRO,2,across34,0.502608988,0.766592613,,,,,,,,,
239,chantent,VER,3,across34,0.656324299,0.029218107,,,,,,,,,
239,oiseaux,NOU,4,across34,0.040843302,0.202393617,,,,,,,,,
239,faux,ADJ,5,across34,0.050827095,,,,,,,,,,
240,Lorsque,CON,1,across34,,0.069895038,,,,,,,,,
240,sa,DET,2,across34,0.098636593,0.000971952,,,,,,,,,
240,sonne,VER,3,across34,0.001619621,0.029218107,,,,,,,,,
240,guitare,NOU,4,across34,0.040843302,0.154021609,,,,,,,,,
240,fort,ADV,5,across34,0.115516126,,,,,,,,,,
